_CATEGORY_;_NAME_;_DESCRIPTION_;_IMAGE_;_IMAGES_;_ATTRIBUTES_;_DOWNLOADS_;_SKU_;_URL_
Комплектующие PS-AMS;Штекерные разъемы;Чтобы не открывать привод для электрического подключения в месте использования, выгодным является использование штепсельного разъема. Это гарантирует, что состояние автоматизированной арматуры при поставке – например, IP68 – позже не претерпит изменений.Штекерные разъемы с 32 пронумерованными контактами установлены как однозначно определяемые. Идентичное расположение контактов на всех приводах PS-AM обеспечивает простоту замены.;https://www.ps-automation.com/wp-content/uploads/produktbild_steckerverbinder.png;https://www.ps-automation.com/wp-content/uploads/produktbild_steckerverbinder.png;;;terminal-box;https://www.ps-automation.com/products-2/terminal-box/?lang=ru
Комплектующие PS-AMS;Обогрев щитовой (HR);Для сред с температурными колебаниями в большом диапазоне и высокой влажностью мы рекомендуем установить нагревательный резистор, чтобы предотвратить образование конденсата внутри корпуса.Нагревательный резистор выполнен как саморегулирующийся и предназначен для длительной работы.;https://www.ps-automation.com/wp-content/uploads/produktbild_hr.png;https://www.ps-automation.com/wp-content/uploads/produktbild_hr.png;;Инструкция по эксплуатации | Руководство по монтажу HR | 04.2025 | https://www.ps-automation.com/wp-content/uploads/II_HR_GER_ENG_8031269.pdf;hr;https://www.ps-automation.com/products-2/hr/?lang=ru
Комплектующие PS-AMS;коммуникационное ПО (PSCS USB);Облегчает коммуникацию между приводом и ПК. Необходимо наличие ПО для PSCS.  ПО можно загрузить со страницы по ссылке:коммуникационное ПО PSCS;https://www.ps-automation.com/wp-content/uploads/produktbild-_PSCS_USB.png;https://www.ps-automation.com/wp-content/uploads/produktbild-_PSCS_USB.png;;"Инструкция по эксплуатации | Kраткое руководство по эксплуатации PSCS-USB | 03.2024 | https://www.ps-automation.com/wp-content/uploads/SOI_AMS1x_PSCS-USB_GER_ENG_8034504.pdf
Инструкция по эксплуатации | Руководство по эксплуатации PSCS-USB | 09.2024 | https://www.ps-automation.com/wp-content/uploads/OI_AMS1x_PSCS_RUS.pdf
Инструкция по эксплуатации | Руководство по эксплуатации PSCS-WIFI | 03.2024 | https://www.ps-automation.com/wp-content/uploads/OI_PSCS_WIFI_ENG.pdf
Инструкция по эксплуатации | Руководство по эксплуатации PSCS.2 | 03.2024 | https://www.ps-automation.com/wp-content/uploads/OI_PSCS_2_ENG.pdf";pscs-usb;https://www.ps-automation.com/products-2/pscs-usb/?lang=ru
Комплектующие PS-AMS;Ethernet- и полевая шина интерфейс;Интегрированный Ethernet / интерфейс полевой шины. Облегчает считывание диагностики привода.В качестве вариантов имеются PSPDP (Profibus DP), PSCAN (CanOpen), PSPN (Profinet), PSMOD (Modbus) и HART Протокол. Можно запросить интерфейсы Ethernet / полевой шины.Файл GSD – это однозначное описание в форме технического паспорта устройства. Актуальный файл GSD можно загрузить со страницы по ссылке:Актуальный файл Profibus V1.3Актуальный файл Profinet V2.33;https://www.ps-automation.com/wp-content/uploads/produktbild_pspdp_pscan.png;https://www.ps-automation.com/wp-content/uploads/produktbild_pspdp_pscan.png;;"Обзор продукта | Проспект PSPDP | 02.2023 | https://www.ps-automation.com/wp-content/uploads/SB_AMS_PSPDP_GER.pdf
Инструкция по эксплуатации | Руководство по эксплуатации PSCAN | 02.2023 | https://www.ps-automation.com/wp-content/uploads/OI_AMS1x_PSCAN_ENG.pdf
Инструкция по эксплуатации | Руководство по эксплуатации PSMOD | 02.2023 | https://www.ps-automation.com/wp-content/uploads/OI_AMS1x_PSMOD_ENG.pdf
Инструкция по эксплуатации | Руководство по эксплуатации PSPDP | 02.2023 | https://www.ps-automation.com/wp-content/uploads/OI_AMS1x_PSPDP_ENG.pdf
Инструкция по эксплуатации | Руководство по эксплуатации PSPN | 02.2023 | https://www.ps-automation.com/wp-content/uploads/OI_AMS1x_PSPN_ENG.pdf";ethernet-and-fieldbus-interfaces;https://www.ps-automation.com/products-2/ethernet-and-fieldbus-interfaces/?lang=ru
Комплектующие PS-AMS;Интегрированный регулятор производственного процесса (PSIC);Создает условия для самостоятельного регулирования процессом, не привлекая внешний контроллер. Через интерфейс полевой шины или аналоговый сигнал (мА или В) задает значения процесса. Интегрированное электропитание 24 В DC для сенсора (макс. 100 мА).;https://www.ps-automation.com/wp-content/uploads/produktbild-_PSCS_USB.png;https://www.ps-automation.com/wp-content/uploads/produktbild-_PSCS_USB.png;;"Обзор продукта | Проспект PSIC | 01.2023 | https://www.ps-automation.com/wp-content/uploads/PS_PSIC_GER_ENG.pdf
Обзор продукта | Проспект PSIC_PSQ | 01.2023 | https://www.ps-automation.com/wp-content/uploads/SB_AMS_PSIC_PSQ_GER_ENG.pdf
Инструкция по эксплуатации | Руководство по эксплуатации PSIC | 02.2023 | https://www.ps-automation.com/wp-content/uploads/OI_AMS1x_PSIC_ENG.pdf";integrated-process-controller-psic;https://www.ps-automation.com/products-2/integrated-process-controller-psic/?lang=ru
Комплектующие PS-AMS;Защита при отказе питания (PSCP);"PSCP предлагает интегрированное аварийное питание на основе суперконденсаторов. Это позволяет управлять приводом в случае отказа питания в свободно регулируемом безопасном положении. Наша АКБ предусматривает 500 000 циклов зарядки, быструю подзарядку и не требует обслуживания.PSCP не комбинируется с FSP.По сравнению с требующими обслуживание аккумуляторами, суперконденсаторы предлагают ряд преимуществ:— не требующий обслуживания режим работы без известного для аккумуляторов эффекта памяти; — срок службы 10 лет при максимальной температуре 55°C, при этом без контроля емкости; — высокий ресурс АКБ и высокая величина токовой нагрузки вследствие низких внутренних сопротивлений, благодаря чему всегда имеется полное управляющее усилие; — значительно более высокая устойчивость к высоким и низким температурам; — подзарядка без потерь емкости в течение нескольких минут, тем самым привод быстро готов к другому аварийному движению.";https://www.ps-automation.com/wp-content/uploads/produktbild_pscp.png;https://www.ps-automation.com/wp-content/uploads/produktbild_pscp.png;;"Обзор продукта | Проспект PSCP PS-AMS PSQ | 02.2023 | https://www.ps-automation.com/wp-content/uploads/SB_AMS_PSCP_PSQ_ENG.pdf
Обзор продукта | Проспект PSCP PSL | 02.2023 | https://www.ps-automation.com/wp-content/uploads/SB_AMS_PSCP_ENG_COM.pdf";power-fail-safe-device-pscp;https://www.ps-automation.com/products-2/power-fail-safe-device-pscp/?lang=ru
Комплектующие PS-AMS;Местное управление (PSC.2, PSC.3);Местное управление позволяет выполнять обслуживание и установку параметров нажатием кнопки непосредственно на приводе PS-AMS. Кроме того, на подсвечиваемый дисплей выводятся позиция клапана и сообщения о состоянии. Навесной замок защищает от несанкционированного доступа.В параметрируемых линейных приводах PS-AMS PSL до 14 кН вместо крышки клеммной коробки применяется модуль PSC.2. В параметрируемых поворотных приводах PS-AMS PSQ и параметрируемых линейных приводах PSL320-325AMS управление на месте размещается в блочной части. Для параметрируемых четвертьоборотных приводов PS-AMS PSQ-S локальные органы управления нового поколения PSC.3 размещены в дополнительном корпусе.– Управление клапаном нажатием кнопки– Индикация позиции клапана– Считывание сообщения о статусе привода– Считывание диагноза привода– Параметрирование;https://www.ps-automation.com/wp-content/uploads/produktbild_psc2.png;https://www.ps-automation.com/wp-content/uploads/produktbild_psc2.png;;"Обзор продукта | Обзор продукции PSC.2 | 01.2023 | https://www.ps-automation.com/wp-content/uploads/PS_PSC2_GER_ENG.pdf
Инструкция по эксплуатации | Руководство по монтажу PSC.2 за PSL_Mod4 | 01.2023 | https://www.ps-automation.com/wp-content/uploads/II_AMS1x_PSC_2_PSL_Mod4_GER_ENG_8034370.pdf
Инструкция по эксплуатации | Руководство по эксплуатации PSC.2 | 02.2023 | https://www.ps-automation.com/wp-content/uploads/OI_AMS1x_PSC_2_ENG.pdf
Инструкция по эксплуатации | Руководство по эксплуатации PSC.3 | 02.2023 | https://www.ps-automation.com/wp-content/uploads/OI_AMS1x_PSC_3_PSQ-S_ENG.pdf";psc-2-psc-3;https://www.ps-automation.com/products-2/psc-2-psc-3/?lang=ru
Комплектующие PS-AMS;Fail Safe Port (FSP);Вход для сигнала аварийного движения. Безопасное положение свободно регулируется. Стандартное исполнение для 24 В. – Опционально поставляется для 230 В AC.– Не комбинируется с PSCP.;https://www.ps-automation.com/wp-content/uploads/produktbild_fsp.png;https://www.ps-automation.com/wp-content/uploads/produktbild_fsp.png;;;fsp;https://www.ps-automation.com/products-2/fsp/?lang=ru
Комплектующие PS-AMS;Реле оповещения об ошибках (FIR);В случае ошибок подается предупредительный сигнал. Допустимая нагрузка при 24 В DC: 100 мА. Наиболее существенные ошибки свободно выбираются и определяются программным обеспечением.;https://www.ps-automation.com/wp-content/uploads/produktbild_fir.png;https://www.ps-automation.com/wp-content/uploads/produktbild_fir.png;;;fir;https://www.ps-automation.com/products-2/fir/?lang=ru
Комплектующие PS-AMS;Дополнительные переключатели хода (2WE-AMS);"Два дополнительных переключателя хода позволяют охватывать две свободно выбираемые позиции хода. Сообщение выдается посредством открывания или закрывания. Допустимая нагрузка 100 мА–5 A. В качестве опции имеются золотые контакты для коммутационных токов 0,1 мА–100 мАВарианты:— 2WE/ 2WE Золотой контакт; — 2WO/ 2WO Золотой контакт (только AMS); — 2WC/ 2WC Золотой контакт (только AMS).";https://www.ps-automation.com/wp-content/uploads/produktbild_2WE-AMS.png;https://www.ps-automation.com/wp-content/uploads/produktbild_2WE-AMS.png;;"Инструкция по эксплуатации | Руководство по монтажу 2WE-AMS PS-AMS PSL | 05.2024 | https://www.ps-automation.com/wp-content/uploads/II_AMS1x_2WE_PSL_Mod4_GER_ENG_8014683.pdf
Инструкция по эксплуатации | Руководство по монтажу 2WE PS-AMS PSQ | 01.2023 | https://www.ps-automation.com/wp-content/uploads/II_AMS1x_2WE_PSQ_GER_ENG_8034734.pdf";2we-ams;https://www.ps-automation.com/products-2/2we-ams/?lang=ru
Стандартные комплектующие;Программное обеспечение PSCS.PSF;Обеспечивает связь между электроприводом и ПК, предоставляя доступ к параметрам и журналу данных.Для запуска PSCS.PSF необходимо свободно доступное программное обеспечение. Программное обеспечение можно загрузить по следующей ссылке:ПО PSCS.PSF;https://www.ps-automation.com/wp-content/uploads/produktbild-_PSCS_USB.png;https://www.ps-automation.com/wp-content/uploads/produktbild-_PSCS_USB.png;;Инструкция по эксплуатации | коммуникационное ПО (PSCS USB) | 02.2023 | https://www.ps-automation.com/wp-content/uploads/OI_PSCS_PSF_ENG.pdf;pscs-psf;https://www.ps-automation.com/products-2/pscs-psf/?lang=ru
Стандартные комплектующие;Электронный позиционный регулятор (PSAP);Электронный позиционный регулятор дает возможность регулировки по сигналу 2–10 В или 4–20 мА. Диапазон сигналов, чувствительность и нулевая точка устанавливаются свободно. Необходим потенциометр PD210 или PD2 210 (1kΩ в комбинации с PSPT). Варианты: – PSAP.2A PSAP.2A/R (для тока двигателя > 1 A) – PSAP.3 PSAP.3/R (для тока двигателя > 1A)Как ввести в эксплуатацию PSAP.3;https://www.ps-automation.com/wp-content/uploads/produktbild_PSAP.png;https://www.ps-automation.com/wp-content/uploads/produktbild_PSAP.png;;"Технические данные | Паспорт PSAP | 02.2023 | https://www.ps-automation.com/wp-content/uploads/TD_PSAP_ENG.pdf
Инструкция по эксплуатации | Руководство по монтажу PSAP за PSL_Mod4 | 05.2024 | https://www.ps-automation.com/wp-content/uploads/II_PSAP_PSL_Mod4_RUS_ENG.pdf
Инструкция по эксплуатации | Руководство по монтажу PSAP за PSQ, PSR, PSL_Mod3 | 11.2023 | https://www.ps-automation.com/wp-content/uploads/II_PSAP_PSQ_PSR_PSL_Mod3_GER_ENG_8031448.pdf
Инструкция по эксплуатации | Руководство по монтажу PSAP.2/R и PSAP.3/R с внешним реле для PSL Mod. 4 | 01.2023 | https://www.ps-automation.com/wp-content/uploads/II_PSAP_2R_PSL_Mod4_GER_ENG.pdf";psap;https://www.ps-automation.com/products-2/psap/?lang=ru
Стандартные комплектующие;Электронный датчик положения (PSPT);Электронный датчик положения передает положение привода в форме сигнала 4–20 мА. Диапазон сигналов и нулевая точка устанавливаются свободно.Необходим потенциометр PD210 или PD2 210 (1kΩ в комбинации с PSAP).Варианты:— PSPT02 (2-проводная техника) — PSPT03 (3-проводная техника);https://www.ps-automation.com/wp-content/uploads/produktbild_PSPT.png;https://www.ps-automation.com/wp-content/uploads/produktbild_PSPT.png;;"Технические данные | Паспорт PSPT | 02.2023 | https://www.ps-automation.com/wp-content/uploads/TD_PSPT_ENG.pdf
Инструкция по эксплуатации | Руководство по монтажу PSPT | 02.2023 | https://www.ps-automation.com/wp-content/uploads/II_PSPT_RUS.pdf";pspt;https://www.ps-automation.com/products-2/pspt/?lang=ru
Стандартные комплектующие;Потенциометр (PD);Отклик позиции привода может передаваться через потенциометр. Выполнен как одиночный или сдвоенный потенциометр.Варианты:— PD210 (100 Ω, 200 Ω, 500 Ω, 1 kΩ, 2 kΩ) — PD210 (PSAP или PSPT, 1×1 kΩ) — PD2 210 (PSAP и PSPT, 2×1 kΩ);https://www.ps-automation.com/wp-content/uploads/produktbild_PD.png;https://www.ps-automation.com/wp-content/uploads/produktbild_PD.png;;"Технические данные | Паспорт PD Потенциометр | 02.2023 | https://www.ps-automation.com/wp-content/uploads/TD_PD210_PD2_210_ENG.pdf
Инструкция по эксплуатации | Руководство по монтажу PD V2 за PSL_Mod. 4 | 01.2023 | https://www.ps-automation.com/wp-content/uploads/II_PDV2_MFV2_PSL_Mod4_GER_ENG_8034798.pdf
Инструкция по эксплуатации | Руководство по монтажу PD за PSL_Mod4 | 01.2023 | https://www.ps-automation.com/wp-content/uploads/II_PD_PSL_Mod4_GER_ENG_8034351.pdf
Инструкция по эксплуатации | Руководство по монтажу PD за PSQx02, PSR | 01.2023 | https://www.ps-automation.com/wp-content/uploads/II_PD_PSQx02_PSR_GER_ENG_8031446.pdf
Инструкция по эксплуатации | Руководство по монтажу PD за PSQx03, PSR-E-C | 01.2023 | https://www.ps-automation.com/wp-content/uploads/II_PD_PSQx03_PSR-E-C_GER_ENG_8034831.pdf
Инструкция по эксплуатации | Руководство по монтажу PD за PSR-E, PSQ-E | 01.2023 | https://www.ps-automation.com/wp-content/uploads/II_PD_PSR-E_PSQ-E_GER_ENG_8034800.pdf";pd;https://www.ps-automation.com/products-2/pd/?lang=ru
Стандартные комплектующие;Два дополнительных выключателя крутящего момента (2DE);Два дополнительных выключателя крутящего момента помогают распознать границы крутящего момента. Максимальный крутящий момент достигается при открытом или закрытом положении.Сообщение выдается беспотенциальным переключателем. Предельная нагрузка 100 мА–5 A. В качестве опции имеются золотые контакты для коммутационных токов 0,1 мА–100 мА.Варианты: 2DE/ 2DE контакт (только PSQ).;https://www.ps-automation.com/wp-content/uploads/produktbild_2DE.png;https://www.ps-automation.com/wp-content/uploads/produktbild_2DE.png;;Технические данные | Паспорт 2DE/2WE | 02.2023 | https://www.ps-automation.com/wp-content/uploads/TD_2WE_2DE_ENG_PSL_PSQx03_PSR-E-C_ENG.pdf;2de;https://www.ps-automation.com/products-2/2de/?lang=ru
Стандартные комплектующие;Два дополнительных переключателя (2WE);"Два дополнительных выключателя хода позволяют распознавать два свободно регулируемых положения хода.Для каждого беспотенциального переключающего контакта имеется 3 клеммы. Область применение стандартной конструкции: 100 мА–5 A. В качестве опции имеются золотые контакты для коммутационных токов 0,1 мА–100 мА.Варианты:— 2WE/ 2WE Золотой контакт; — 2WO/ 2WO Золотой контакт (только AMS); — 2WC/ 2WC Золотой контакт (только AMS).";https://www.ps-automation.com/wp-content/uploads/produktbild_2WE.png;https://www.ps-automation.com/wp-content/uploads/produktbild_2WE.png;;"Технические данные | Паспорт 2DE/2WE | 02.2023 | https://www.ps-automation.com/wp-content/uploads/TD_2WE_2DE_ENG_PSL_PSQx03_PSR-E-C_ENG.pdf
Инструкция по эксплуатации | Руководство по монтажу 2WE PSL Mod4 | 01.2023 | https://www.ps-automation.com/wp-content/uploads/II_2WE_PSL_Mod4_GER_ENG_8034362.pdf
Инструкция по эксплуатации | Руководство по монтажу 2WE PSQx02, PSR | 01.2023 | https://www.ps-automation.com/wp-content/uploads/II_2WE_PSQx02_PSR_GER_ENG_8033433.pdf
Инструкция по эксплуатации | Руководство по монтажу 2WE PSQx03 | 02.2023 | https://www.ps-automation.com/wp-content/uploads/II_2WE_PSQx03_RUS_ENG.pdf";2we;https://www.ps-automation.com/products-2/2we/?lang=ru
Стандартные комплектующие;Обогрев щитовой (HR);Для сред с температурными колебаниями в большом диапазоне и высокой влажностью мы рекомендуем установить нагревательный резистор, чтобы предотвратить образование конденсата внутри корпуса.Нагревательный резистор выполнен как саморегулирующийся и предназначен для длительной работы.;https://www.ps-automation.com/wp-content/uploads/produktbild_hr.png;https://www.ps-automation.com/wp-content/uploads/produktbild_hr.png;;Инструкция по эксплуатации | Руководство по монтажу HR | 04.2025 | https://www.ps-automation.com/wp-content/uploads/II_HR_GER_ENG_8031269.pdf;hr;https://www.ps-automation.com/products-2/hr/?lang=ru
Стандартные комплектующие;Штекерный разъем;Штекерные разъемы применяются для механического соединения между поворотным приводом и валом арматуры. Имеются различные формы: четырехгранник, двугранный угол, шпоночный паз.;https://www.ps-automation.com/wp-content/uploads/produktbild_Steckkupplung.png;https://www.ps-automation.com/wp-content/uploads/produktbild_Steckkupplung.png;;Технические данные | Паспорт Штекерный разъем за PSQ, PSR-E | 04.2023 | https://www.ps-automation.com/wp-content/uploads/TD_PSQ_PSR-E_DriveBush_ENG.pdf;drive-bush;https://www.ps-automation.com/products-2/drive-bush/?lang=ru
Приводы EX-Proof;PS-AMS PSQ-S;PS-AMS PSQ-S – умный поворотный привод с новой концепцией кожуха и точкой доступа Wi-Fi для простого и беспроводного параметрирования и диагностики. Имеется для диапазонов частоты вращения: 60–200 Нм, 250–400 Нм и 450–1500 Нм.Оптимизированный редуктор и ,есщеточный двигатель постоянного тока (BLDC) с регулировкой частоты вращения обеспечивают энергосберегающий и щадящий режим. Применение датчика Холла допускает бесконтактное износостойкое определение положения.На стадии планирования – допуск ATEX для зон 1 и 2, а также 21 и 22 в соответствии с директивой ATEX 2014-34-EU для группы устройств II, категории устройств 2.— Комплексная диагностика— Точка доступа Wi-Fi— 7-сегментная индикация состояния с меню выбора параметров— Бесконтактная индикация положения для надежной плотности— Класс защиты IP68— Все опции полностью интегрируются в кожух;https://www.ps-automation.com/wp-content/uploads/produktbild-psq-s-ams-mit-beschreibungen.png;https://www.ps-automation.com/wp-content/uploads/produktbild-psq-s-ams-mit-beschreibungen.png;ТЕХНИЧЕСКИЕ Данные | PSQ-S-200-AMS | 200 Нм | 6 – 20 с/90° | F05/F07/F10 | 24/100-240/400 B AC, 24 B DC;"Обзор продукта | Обзор продукции PS-AMS PSQ-S | 02.2023 | https://www.ps-automation.com/wp-content/uploads/PS_PSQ-S-AMS_ENG.pdf
Технические данные | Паспорт PSQ-S-200-AMS | 02.2023 | https://www.ps-automation.com/wp-content/uploads/TD_AMS2x_PSQ-S-200_ENG.pdf
Инструкция по эксплуатации | Руководство по эксплуатации PS-AMS PSQ-S | 02.2023 | https://www.ps-automation.com/wp-content/uploads/OI_AMS1x_PSQ-S_ENG.pdf
Инструкция по эксплуатации | Руководство по эксплуатации PSC.3 | 02.2023 | https://www.ps-automation.com/wp-content/uploads/OI_AMS1x_PSC_3_PSQ-S_ENG.pdf
Инструкция по эксплуатации | Руководство по эксплуатации PSCS-WIFI | 03.2024 | https://www.ps-automation.com/wp-content/uploads/OI_PSCS_WIFI_ENG.pdf";ps-ams-psq-s;https://www.ps-automation.com/products/ps-ams-psq-s/?lang=ru
Приводы EX-Proof;PSF-EX / PSF-M-EX;Линейный привод PSF-EX / PSF-M-EX с сертификатом ATEX и механической защиты от перебоев питания или ручная перенастройка обеспечивает бесконтактное износостойкое обнаружение хода датчиком Холла для точной регулировки. Интегрированная спиральная пружина при отказе питания обеспечивает аварийное отключение, по выбору – внутреннее или наружное.– EX-защита в соответствии с ATEX:   TPS 22 ATEX 110398 0002 X   Ex db eb IIC T6/T4 Gb   Ex h db eb IIC T6/T4 Gb   Ex tb IIIC T80°C/T100°C Db   Ex h tb IIIC T80°C/T100°C Db– EX-защита в соответствии с IECEx:   IECEx TPS 22.0019X (www.iecex.com)   Ex db eb IIC T6/T4 Gb   Ex tb IIIC T80°C/T100°C Db– Ручное обслуживание во взрывозащищенной зоне– Интегрированная спиральная пружина– Интегрированный позиционный регулятор и устройство позиционного квитирования– Автоматическая функция ввода в эксплуатацию;https://www.ps-automation.com/wp-content/uploads/produktbild_psf-ex_psf-m-ex.png;https://www.ps-automation.com/wp-content/uploads/produktbild_psf-ex_psf-m-ex.png;"ТЕХНИЧЕСКИЕ Данные | PSF-401-EX | 1 кН | 0,3 мм/с | 40 мм | 24 B AC + B DC, 100 – 240 B AC
ТЕХНИЧЕСКИЕ Данные | PSF-402-EX | 2 кН | 0,3 мм/с | 40 мм | 24 B AC + B DC, 100 – 240 B AC
ТЕХНИЧЕСКИЕ Данные | PSF-402.1-EX | 2 кН | 0,9 мм/с | 40 мм | 24 B AC + B DC, 100 – 240 B AC
ТЕХНИЧЕСКИЕ Данные | PSF-402.2-EX | 2 кН | 2 мм/с | 40 мм | 24 B AC + B DC, 100 – 240 B AC
ТЕХНИЧЕСКИЕ Данные | PSF-M401-EX | 1 кН | 0,5 / 0,75 / 1,0 мм/с | 40 мм | 24 B AC + B DC, 100 – 240 B AC
ТЕХНИЧЕСКИЕ Данные | PSF-M402-EX | 2 кН | 0,5 / 0,75 / 1,0 мм/с | 40 мм | 24 B AC + B DC, 100 – 240 B AC
ТЕХНИЧЕСКИЕ Данные | PSF-M405-EX | 5 кН | 0,5 / 0,75 / 1,0 мм/с | 50 мм | 24 B AC + B DC, 100 – 240 B AC
ТЕХНИЧЕСКИЕ Данные | PSF-M410-EX | 10 кН | 0,17 / 0,25 / 0,33 мм/с | 50 мм | 24 B AC + B DC, 100 – 240 B AC";"Обзор продукта | Обзор продукции PSF-EX | 02.2023 | https://www.ps-automation.com/wp-content/uploads/PS_PSF-EX_ENG.pdf
Обзор продукта | Обзор продукции PSF-M-EX | 02.2023 | https://www.ps-automation.com/wp-content/uploads/PS_PSF-M-EX_ENG.pdf
Технические данные | Технические паспорта PSF-401-EX & PSF-402-EX | 02.2023 | https://www.ps-automation.com/wp-content/uploads/TD_PSF_EX_ENG.pdf
Технические данные | Технические паспорта PSF-402.1-EX | 02.2023 | https://www.ps-automation.com/wp-content/uploads/TD_PSF-EX402.1_ENG.pdf
Технические данные | Технические паспорта PSF-402.2-EX | 02.2023 | https://www.ps-automation.com/wp-content/uploads/TD_PSF-EX402.2_ENG.pdf
Технические данные | Технические паспорта PSF-M-EX | 02.2023 | https://www.ps-automation.com/wp-content/uploads/TD_PSF-M-EX_ENG.pdf
Технические данные | Сертификат проверки типа ЕС TPS 22 ATEX 110398 0002 X | 04.2023 | https://www.ps-automation.com/wp-content/uploads/TPS-22-ATEX-110398-0002-X-EN-1.pdf
Технические данные | Форма Новая адаптация | 02.2023 | https://www.ps-automation.com/wp-content/uploads/New_Adaption_ValveCapture_ENG.pdf
Инструкция по эксплуатации | Руководство по эксплуатации PSF-EX (ATEX) | 10.2023 | https://www.ps-automation.com/wp-content/uploads/OI_PSF-EX_ATEX_ENG_8035623.pdf
Инструкция по эксплуатации | Руководство по эксплуатации PSF-EX (IECEx) | 10.2023 | https://www.ps-automation.com/wp-content/uploads/OI_PSF-EX_IECEx_ENG_8035624.pdf
Инструкция по эксплуатации | Руководство по эксплуатации PSF-M-EX (ATEX) | 10.2023 | https://www.ps-automation.com/wp-content/uploads/OI_PSF-M-EX_ATEX_ENG_8035625.pdf
Инструкция по эксплуатации | Руководство по эксплуатации PSF-M-EX (IECEx) | 10.2023 | https://www.ps-automation.com/wp-content/uploads/OI_PSF-M-EX_IECEx_ENG_8035626.pdf";psf-ex-psf-m-ex;https://www.ps-automation.com/products/psf-ex-psf-m-ex/?lang=ru
Приводы EX-Proof;PSF-Q-EX / PSF-Q-M-EX;PSF-Q-EX / PSF-Q-M-EX – это многофункциональный взрывозащищенный привод для промышленной арматуры различного назначения с выдвигающимся или втягивающимся штоком в случае отключения питания. IОн оснащен бесконтактным, не изнашивающимся датчиком перемещения с датчиком Холла для точного позиционирования.PSF-Q-EX: Встроенная силовая пружина обеспечивает безопасность в случае потери электропитанияPSF-Q-M-EX: Ручное управление может осуществляться с помощью штурвала или двух кнопок местного управления– EX-защита в соответствии с ATEX:   TPS 22 ATEX 110398 0002 X   Ex db eb IIC T6/T4 Gb   Ex h db eb IIC T6/T4 Gb   Ex tb IIIC T80°C/T100°C Db   Ex h tb IIIC T80°C/T100°C Db– EX-защита в соответствии с IECEx:   IECEx TPS 22.0019X (www.iecex.com)   Ex db eb IIC T6/T4 Gb   Ex tb IIIC T80°C/T100°C DbБлагодаря своей прочности и небольшим размерам серия PSF-Q-EX/PSF-Q-M-EX является интересным расширением ассортимента продукции для промышленного сектора, а также сектора отопления, вентиляции и кондиционирования воздуха.– Микропроцессорное управление со встроенными позиционерами– Бесщеточный двигатель постоянного тока (BLDC)– Бесконтактное декодирование положения без износа с помощью датчика Холла– Прочный промышленный дизайн с крышкой из поликарбоната Алюминиевый редуктор с порошковым покрытием– Ручное обслуживание во взрывозащищенной зоне– Интегрированная спиральная пружина– Интегрированный позиционный регулятор и устройство позиционного квитирования– Автоматическая функция ввода в эксплуатацию;https://www.ps-automation.com/wp-content/uploads/produktbild-mit-beschreibungen.png;https://www.ps-automation.com/wp-content/uploads/produktbild-mit-beschreibungen.png;"ТЕХНИЧЕСКИЕ Данные | PSF-Q50-EX | 50 Nm | 25 s / 90° | F05/F07 | 24 VAC/DC, 100 – 240 VAC
ТЕХНИЧЕСКИЕ Данные | PSF-Q80-EX | 80 Nm | 30 s / 90° | F05/F07 | 24 VAC/DC, 100 – 240 VAC
ТЕХНИЧЕСКИЕ Данные | PSF-Q-M50-EX | 50 Nm | 16 / 20 / 30 s (регулируемый) | F05/F07 | 24 VAC/DC, 100 – 240 VAC
ТЕХНИЧЕСКИЕ Данные | PSF-Q-M80-EX | 80 Nm | 16 / 20 / 30 s (регулируемый) | F05/F07 | 24 VAC/DC, 100 – 240 VAC";"Обзор продукта | Обзор продукции PSF-Q-EX | 04.2024 | https://www.ps-automation.com/wp-content/uploads/PS_PSF-Q-EX_ENG.pdf
Обзор продукта | Обзор продукции PSF-Q-M-EX | 04.2024 | https://www.ps-automation.com/wp-content/uploads/PS_PSF-Q-M-EX_ENG.pdf
Технические данные | Паспорт PSF-Q-EX | 04.2024 | https://www.ps-automation.com/wp-content/uploads/TD_PSF-Q-EX_ENG.pdf
Технические данные | Паспорт PSF-Q-M-EX | 04.2024 | https://www.ps-automation.com/wp-content/uploads/TD_PSF-Q-M-EX_ENG.pdf
Технические данные | Сертификат проверки типа ЕС TPS 22 ATEX 110398 0002 X | 04.2023 | https://www.ps-automation.com/wp-content/uploads/TPS-22-ATEX-110398-0002-X-EN.pdf
Инструкция по эксплуатации | Руководство по эксплуатации PSF-Q-EX (ATEX) | 06.2024 | https://www.ps-automation.com/wp-content/uploads/OI_PSF-Q-EX_ENG_ATEX_8035798.pdf
Инструкция по эксплуатации | Руководство по эксплуатации PSF-Q-EX (IECEx) | 06.2024 | https://www.ps-automation.com/wp-content/uploads/OI_PSF-Q-EX_ENG_IECEX_8035799.pdf
Инструкция по эксплуатации | Руководство по эксплуатации PSF-Q-M-EX (ATEX) | 06.2024 | https://www.ps-automation.com/wp-content/uploads/OI_PSF-Q-M-EX_ENG_ATEX_8035800.pdf
Инструкция по эксплуатации | Руководство по эксплуатации PSF-Q-M-EX (IECEx) | 06.2024 | https://www.ps-automation.com/wp-content/uploads/OI_PSF-Q-M-EX_ENG_IECEX_8035801.pdf";psf-q-ex-psf-q-m-ex;https://www.ps-automation.com/products/psf-q-ex-psf-q-m-ex/?lang=ru
Тяговые приводы;PS-AMS PSL;PS-AMS — это запатентованное умное решение по приводам от PS Automation GmbH для тяговых приводов до 25 кН. Новое поколение PS-AMS11/12/13 основано на хорошо зарекомендовавшем себя PS-AMS01/02/03, имеется для всех общеупотребительных уровней напряжения питания и механически адаптируется почти к любой арматуре.Приводы PS-AMS содержат усовершенствованный интегрированный микроконтроллер с флэш-накопителем, который отвечает за управление и контроль всех функций привода. Объединение всех функций на одной-единственной плате делает приводы PS-AMS надежными в эксплуатации и удобными при монтаже, а это означает снижение себестоимости и, следовательно, отличное соотношений цены и качества.– Параметрируемый привод– Функция позиционного регулятора и датчика положений– Автоматический ввод в эксплуатацию– Комплексная диагностика– Опциональные комплектующие, например, электрическое отключение, функция полевой шины, управление на месте;https://www.ps-automation.com/wp-content/uploads/produktbild-psl-ams-mit-beschreibungen4-2.png;https://www.ps-automation.com/wp-content/uploads/produktbild-psl-ams-mit-beschreibungen4-2.png;"ТЕХНИЧЕСКИЕ Данные | PSL202/AMS11 | 2,3 кН | 0,45 – 2,0 мм/с | 50 мм | 24/115/230/360…460 B AC, 24 B DC
ТЕХНИЧЕСКИЕ Данные | PSL204/AMS11 | 4,5 кН | 0,45 – 0,9 мм/с | 50 мм | 24/115/230/360…460 B AC, 24 B DC
ТЕХНИЧЕСКИЕ Данные | PSL204/AMS12 | 4,5 кН | 2,0 – 4,0 мм/с | 50 мм | 24/115/230/360…460 B AC, 24 B DC
ТЕХНИЧЕСКИЕ Данные | PSL204/AMS12 -40°C | 3,4 кН | 2,0 – 4,0 мм/с | 50 мм | 24/115/230 B AC, 24 B DC
ТЕХНИЧЕСКИЕ Данные | PSL208/AMS11 | 8,0 кН | 0,3 – 0,7 мм/с | 50 мм (opt. 65 мм) | 24/115/230/360…460 B AC, 24 B DC
ТЕХНИЧЕСКИЕ Данные | PSL210/AMS11 | 10,0 кН | 0,2 – 0,35 мм/с | 50 мм (opt. 65 мм) | 24/115/230/360…460 B AC, 24 B DC
ТЕХНИЧЕСКИЕ Данные | PSL210/AMS12 | 10,0 кН | 0,85 – 1,7 мм/с | 50 мм (opt. 65 мм) | 24/115/230/360…460 B AC, 24 B DC
ТЕХНИЧЕСКИЕ Данные | PSL210/AMS12 -40°C | 7,5 кН | 0,85 – 1,7 мм/с | 50 мм (opt. 65 мм) | 24/115/230 B AC, 24 B DC
ТЕХНИЧЕСКИЕ Данные | PSL214/AMS12 | 14,0 кН | 0,65 – 1,3 мм/с | 65 мм | 24/115/230/360…460 B AC, 24 B DC
ТЕХНИЧЕСКИЕ Данные | PSL214/AMS12 -40°C | 10,5 кН | 0,65 – 1,3 мм/с | 65 мм | 24/115/230 B AC, 24 B DC
ТЕХНИЧЕСКИЕ Данные | PSL320/AMS13 | 20,0 кН | 0,65 – 1,3 мм/с0,2 – 0,4 мм/с | 95 мм | 24/115/230/360…460 B AC, 24 B DC
ТЕХНИЧЕСКИЕ Данные | PSL325/AMS13 | 25,0 кН | 0,2 – 0,4 мм/с | 95 мм | 24/115/230/360…460 B AC, 24 B DC";"Обзор продукта | Проспект PSL / PS-AMS PSL | 02.2023 | https://www.ps-automation.com/wp-content/uploads/SB_PSL_PSL-AMS_ENG_COM.pdf
Обзор продукта | Обзор продукции PS-AMS PSL | 02.2023 | https://www.ps-automation.com/wp-content/uploads/PS_PSL-AMS_ENG_COM.pdf
Технические данные | Технические паспорта PSL202-AMS11 | 06.2025 | https://www.ps-automation.com/wp-content/uploads/TD_AMS1x_PSL202_Mod4_RUS.pdf
Технические данные | Технические паспорта PSL204-AMS11/12 | 06.2025 | https://www.ps-automation.com/wp-content/uploads/TD_AMS1x_PSL204_Mod4_RUS.pdf
Технические данные | Технические паспорта PSL204-AMS12 Низкотемпературная версия -40°C | 06.2025 | https://www.ps-automation.com/wp-content/uploads/TD_AMS1x_PSL204_Mod4_LowTemp_RUS.pdf
Технические данные | Технические паспорта PSL208-AMS11 | 09.2023 | https://www.ps-automation.com/wp-content/uploads/TD_AMS1x_PSL208_Mod4_RUS.pdf
Технические данные | Технические паспорта PSL210-AMS11/12 | 09.2023 | https://www.ps-automation.com/wp-content/uploads/TD_AMS1x_PSL210_Mod4_RUS.pdf
Технические данные | Технические паспорта PSL210-AMS12 Низкотемпературная версия -40°C | 09.2023 | https://www.ps-automation.com/wp-content/uploads/TD_AMS1x_PSL210_Mod4_LowTemp_RUS.pdf
Технические данные | Технические паспорта PSL214-AMS12 | 09.2023 | https://www.ps-automation.com/wp-content/uploads/TD_AMS1x_PSL214_Mod4_RUS.pdf
Технические данные | Технические паспорта PSL214-AMS12 Низкотемпературная версия -40°C | 09.2023 | https://www.ps-automation.com/wp-content/uploads/TD_AMS1x_PSL214_Mod4_LowTemp_RUS.pdf
Технические данные | Технические паспорта PSL320-325-AMS13 | 09.2023 | https://www.ps-automation.com/wp-content/uploads/TD_AMS1x_PSL320-325_Mod4_RUS.pdf
Технические данные | Форма Новая адаптация | 02.2023 | https://www.ps-automation.com/wp-content/uploads/New_Adaption_ValveCapture_ENG.pdf
Инструкция по эксплуатации | Краткое руководство по эксплуатации PS-AMS PSL | 05.2025 | https://www.ps-automation.com/wp-content/uploads/OI_AMS1x_PSL_Mod4_RUS_8035617.pdf
Инструкция по эксплуатации | Краткое руководство по эксплуатации PS-AMS PSL | 01.2023 | https://www.ps-automation.com/wp-content/uploads/II_PSL_Mod4_GER_ENG_ESP_8034325.pdf";ps-ams-psl;https://www.ps-automation.com/products-2/ps-ams-psl/?lang=ru
Тяговые приводы;PSL;Конструкция кожуха и щитовой сервоприводов клапана PSL расширяет зону действия, дает место для электроники и снижает расходы. Сервоприводы клапана PSL в полной мере отвечают требованиям, предъявляемым к приводам и регулирующей арматуре.Благодаря применению тяговых приводов PSL вы получите преимущества от стандартизации модульных комплектующих: можно хранить меньше деталей и значительно сократить расходы на обучение персонала, занимающегося продажами, обслуживанием и установкой.Точное позиционирование, прочность и надежность даже при больших нагрузкахВысокое качество отдельных компонентов, соответствующих европейским нормамЦентральное и легко обозримое расположение переключателей и сигнализаторовВозможно дооснащение опциональными комплектующими;https://www.ps-automation.com/wp-content/uploads/produktbild-psl-mit-beschreibungen-3.png;https://www.ps-automation.com/wp-content/uploads/produktbild-psl-mit-beschreibungen-3.png;"ТЕХНИЧЕСКИЕ Данные | PSL201 | 1,0 кН | 0,25 – 1,0 мм/с | 50 мм | 24/115/230 B AC, 24 B DC
ТЕХНИЧЕСКИЕ Данные | PSL202 | 2,0 кН | 0,25 – 1,4 мм/с | 50 мм | 24/115/230/400 B AC, 24 B DC
ТЕХНИЧЕСКИЕ Данные | PSL204 | 4,5 кН | 0,5 – 1,4 мм/с | 50 мм | 24/115/230/400 B AC, 24 B DC
ТЕХНИЧЕСКИЕ Данные | PSL204 -40°C | 4,5 кН | 0,5 – 1,4 мм/с | 50 мм | 24/115/230 B AC
ТЕХНИЧЕСКИЕ Данные | PSL208 | 8,0 кН | 0,35 – 1,0 мм/с | 50 мм (opt. 65 мм) | 24/115/230/400 B AC, 24 B DC
ТЕХНИЧЕСКИЕ Данные | PSL208 -40°C | 8,0 кН | 0,35 – 1,0 мм/с | 50 мм (opt. 65 мм) | 24/115/230/400 B AC
ТЕХНИЧЕСКИЕ Данные | PSL210 | 10,0 кН | 0,35 – 1,0 мм/с | 50 мм (opt. 65 мм) | 24/115/230 B AC, 24 B DC
ТЕХНИЧЕСКИЕ Данные | PSL210 -40°C | 10,0 кН | 0,35 – 1,0 мм/с | 50 мм (opt. 65 мм) | 24/115/230 B AC
ТЕХНИЧЕСКИЕ Данные | PSL214 | 14,0 кН | 0,45 мм/с | 65 мм | 24/115/230/400 B AC, 24 B DC
ТЕХНИЧЕСКИЕ Данные | PSL214 -40°C | 14,0 кН | 0,45 мм/с | 65 мм | 24/115/230/400 B AC
ТЕХНИЧЕСКИЕ Данные | PSL320 | 20,0 кН | 1,0 мм/с | 95 мм | 24/115/230/400 B AC, 24 B DC
ТЕХНИЧЕСКИЕ Данные | PSL325 | 25,0 кН | 1,0 мм/с | 95 мм | 24/115/230/400 B AC, 24 B DC
ТЕХНИЧЕСКИЕ Данные | PSL330 | 30,0 кН | 0,7 мм/с | 95 мм | 230 B AC";"Обзор продукта | Обзор продукции PSL Mod4 | 02.2023 | https://www.ps-automation.com/wp-content/uploads/PS_PSL_Mod4_ENG.pdf
Обзор продукта | Проспект PSL / PS-AMS PSL | 02.2023 | https://www.ps-automation.com/wp-content/uploads/SB_PSL_PSL-AMS_ENG_COM.pdf
Технические данные | Паспорт PSL201 | 02.2023 | https://www.ps-automation.com/wp-content/uploads/TD_PSL201_Mod4_RUS.pdf
Технические данные | Паспорт PSL202 | 09.2023 | https://www.ps-automation.com/wp-content/uploads/TD_PSL202_Mod4_RUS.pdf
Технические данные | Паспорт PSL204 | 02.2023 | https://www.ps-automation.com/wp-content/uploads/TD_PSL204_Mod4_RUS.pdf
Технические данные | Паспорт PSL204 Низкотемпературная версия -40°C | 09.2023 | https://www.ps-automation.com/wp-content/uploads/TD_PSL204_Mod4_LowTemp_RUS.pdf
Технические данные | Паспорт PSL208-210 | 09.2023 | https://www.ps-automation.com/wp-content/uploads/TD_PSL208-210_Mod4_RUS.pdf
Технические данные | Паспорт PSL208-210 Низкотемпературная версия -40°C | 09.2023 | https://www.ps-automation.com/wp-content/uploads/TD_PSL208-210_Mod4_LowTemp_RUS.pdf
Технические данные | Паспорт PSL214 | 02.2023 | https://www.ps-automation.com/wp-content/uploads/TD_PSL214_Mod4_RUS.pdf
Технические данные | Паспорт PSL214 Низкотемпературная версия -40°C | 09.2023 | https://www.ps-automation.com/wp-content/uploads/TD_PSL214_Mod4_LowTemp_RUS.pdf
Технические данные | Паспорт PSL320-325 | 09.2023 | https://www.ps-automation.com/wp-content/uploads/TD_PSL320-325_Mod4_RUS.pdf
Технические данные | Паспорт PSL330 | 02.2023 | https://www.ps-automation.com/wp-content/uploads/TD_PSL330_Mod4_ENG.pdf
Технические данные | Форма Новая адаптация | 02.2023 | https://www.ps-automation.com/wp-content/uploads/New_Adaption_ValveCapture_ENG.pdf
Инструкция по эксплуатации | Руководство по монтажу PSL | 05.2024 | https://www.ps-automation.com/wp-content/uploads/OI_PSL_Mod4_RUS_8035616.pdf
Инструкция по эксплуатации | Руководство по эксплуатации PSL | 01.2023 | https://www.ps-automation.com/wp-content/uploads/II_PSL_Mod4_GER_ENG_ESP_8034325.pdf";psl;https://www.ps-automation.com/products-2/psl/?lang=ru
Тяговые приводы;PSF-EX / PSF-M-EX;Линейный привод PSF-EX / PSF-M-EX с сертификатом ATEX и механической защиты от перебоев питания или ручная перенастройка обеспечивает бесконтактное износостойкое обнаружение хода датчиком Холла для точной регулировки. Интегрированная спиральная пружина при отказе питания обеспечивает аварийное отключение, по выбору – внутреннее или наружное.– EX-защита в соответствии с ATEX:   TPS 22 ATEX 110398 0002 X   Ex db eb IIC T6/T4 Gb   Ex h db eb IIC T6/T4 Gb   Ex tb IIIC T80°C/T100°C Db   Ex h tb IIIC T80°C/T100°C Db– EX-защита в соответствии с IECEx:   IECEx TPS 22.0019X (www.iecex.com)   Ex db eb IIC T6/T4 Gb   Ex tb IIIC T80°C/T100°C Db– Ручное обслуживание во взрывозащищенной зоне– Интегрированная спиральная пружина– Интегрированный позиционный регулятор и устройство позиционного квитирования– Автоматическая функция ввода в эксплуатацию;https://www.ps-automation.com/wp-content/uploads/produktbild_psf-ex_psf-m-ex.png;https://www.ps-automation.com/wp-content/uploads/produktbild_psf-ex_psf-m-ex.png;"ТЕХНИЧЕСКИЕ Данные | PSF-401-EX | 1 кН | 0,3 мм/с | 40 мм | 24 B AC + B DC, 100 – 240 B AC
ТЕХНИЧЕСКИЕ Данные | PSF-402-EX | 2 кН | 0,3 мм/с | 40 мм | 24 B AC + B DC, 100 – 240 B AC
ТЕХНИЧЕСКИЕ Данные | PSF-402.1-EX | 2 кН | 0,9 мм/с | 40 мм | 24 B AC + B DC, 100 – 240 B AC
ТЕХНИЧЕСКИЕ Данные | PSF-402.2-EX | 2 кН | 2 мм/с | 40 мм | 24 B AC + B DC, 100 – 240 B AC
ТЕХНИЧЕСКИЕ Данные | PSF-M401-EX | 1 кН | 0,5 / 0,75 / 1,0 мм/с | 40 мм | 24 B AC + B DC, 100 – 240 B AC
ТЕХНИЧЕСКИЕ Данные | PSF-M402-EX | 2 кН | 0,5 / 0,75 / 1,0 мм/с | 40 мм | 24 B AC + B DC, 100 – 240 B AC
ТЕХНИЧЕСКИЕ Данные | PSF-M405-EX | 5 кН | 0,5 / 0,75 / 1,0 мм/с | 50 мм | 24 B AC + B DC, 100 – 240 B AC
ТЕХНИЧЕСКИЕ Данные | PSF-M410-EX | 10 кН | 0,17 / 0,25 / 0,33 мм/с | 50 мм | 24 B AC + B DC, 100 – 240 B AC";"Обзор продукта | Обзор продукции PSF-EX | 02.2023 | https://www.ps-automation.com/wp-content/uploads/PS_PSF-EX_ENG.pdf
Обзор продукта | Обзор продукции PSF-M-EX | 02.2023 | https://www.ps-automation.com/wp-content/uploads/PS_PSF-M-EX_ENG.pdf
Технические данные | Технические паспорта PSF-401-EX & PSF-402-EX | 02.2023 | https://www.ps-automation.com/wp-content/uploads/TD_PSF_EX_ENG.pdf
Технические данные | Технические паспорта PSF-402.1-EX | 02.2023 | https://www.ps-automation.com/wp-content/uploads/TD_PSF-EX402.1_ENG.pdf
Технические данные | Технические паспорта PSF-402.2-EX | 02.2023 | https://www.ps-automation.com/wp-content/uploads/TD_PSF-EX402.2_ENG.pdf
Технические данные | Технические паспорта PSF-M-EX | 02.2023 | https://www.ps-automation.com/wp-content/uploads/TD_PSF-M-EX_ENG.pdf
Технические данные | Сертификат проверки типа ЕС TPS 22 ATEX 110398 0002 X | 04.2023 | https://www.ps-automation.com/wp-content/uploads/TPS-22-ATEX-110398-0002-X-EN-1.pdf
Технические данные | Форма Новая адаптация | 02.2023 | https://www.ps-automation.com/wp-content/uploads/New_Adaption_ValveCapture_ENG.pdf
Инструкция по эксплуатации | Руководство по эксплуатации PSF-EX (ATEX) | 10.2023 | https://www.ps-automation.com/wp-content/uploads/OI_PSF-EX_ATEX_ENG_8035623.pdf
Инструкция по эксплуатации | Руководство по эксплуатации PSF-EX (IECEx) | 10.2023 | https://www.ps-automation.com/wp-content/uploads/OI_PSF-EX_IECEx_ENG_8035624.pdf
Инструкция по эксплуатации | Руководство по эксплуатации PSF-M-EX (ATEX) | 10.2023 | https://www.ps-automation.com/wp-content/uploads/OI_PSF-M-EX_ATEX_ENG_8035625.pdf
Инструкция по эксплуатации | Руководство по эксплуатации PSF-M-EX (IECEx) | 10.2023 | https://www.ps-automation.com/wp-content/uploads/OI_PSF-M-EX_IECEx_ENG_8035626.pdf";psf-ex-psf-m-ex;https://www.ps-automation.com/products-2/psf-ex-psf-m-ex/?lang=ru
Тяговые приводы;PSF / PSF-M;На основе хорошо зарекомендовавших себя в течение ряда лет тяговых приводов типа PSL мы разработали новую линейку приводов с механической функцией аварийного отключения или, по выбору, ручного управления.Новый тип PSF / PSF-M – это применяемый в промышленных условиях многофункциональный регулируемый привод для включения промышленных клапанов различных конструкций для различного применения.PSF: Интегрированная приводная пружина обеспечивает аварийное отключение в случае отказа питания.PSF-M: Аварийное ручное управление обеспечивается маховиком или посредством кнопок управления на месте.Благодаря прочности и компактной конструкции, эта интересная разработка может применяться как для промышленного сектора, так и для автоматизации зданий.– Управление на микроконтроллере со встроенным позиционным регулятором– Бесщеточный двигатель постоянного тока (BLDC)– Бесконтактное износостойкое обнаружение хода датчиком Холла 12 бит– Прочный кожух из поликарбоната, алюминиевый корпус с порошковым покрытием;https://www.ps-automation.com/wp-content/uploads/produktbild-psf-m.png;https://www.ps-automation.com/wp-content/uploads/produktbild-psf-m.png;"ТЕХНИЧЕСКИЕ Данные | PSF301 | 1,0 kN | 0,3 mm/s | 40 mm | 24 VCA/VCC, 100 – 240 VCA
ТЕХНИЧЕСКИЕ Данные | PSF401 | 1,0 кН | 0,3 мм/с | 40 мм | 24 B AC/DC, 100 – 240 B AC
ТЕХНИЧЕСКИЕ Данные | PSF-M301 | 1,0 кН | 0,6 / 0,9 / 1,2 мм/с | 40 мм | 24 B AC/DC, 100 – 240 B AC
ТЕХНИЧЕСКИЕ Данные | PSF-M401 | 1,0 кН | 0,6 / 0,9 / 1,2 мм/с | 40 мм | 24 B AC/DC, 100 – 240 B AC
ТЕХНИЧЕСКИЕ Данные | PSF302 | 2,0 kN | 0,3 mm/s | 40 mm | 24 VCA/VCC, 100 – 240 VCA
ТЕХНИЧЕСКИЕ Данные | PSF402 | 2,0 кН | 0,3 мм/с | 40 мм | 24 B AC/DC, 100 – 240 B AC
ТЕХНИЧЕСКИЕ Данные | PSF-M302 | 2,0 кН | 0,6 / 0,9 / 1,2 мм/с | 40 мм | 24 B AC/DC, 100 – 240 B AC
ТЕХНИЧЕСКИЕ Данные | PSF-M402 | 2,0 кН | 0,5 / 0,75 / 1,0 мм/с | 40 мм | 24 B AC/DC, 100 – 240 B AC
ТЕХНИЧЕСКИЕ Данные | PSF402.1 | 2,0 кН | 0,9 мм/с | 40 мм | 24 B AC/DC, 100 – 240 B AC
ТЕХНИЧЕСКИЕ Данные | PSF402.2 | 2,0 кН | 2,0 мм/с | 40 мм | 24 B AC/DC, 100 – 240 B AC";"Обзор продукта | Обзор продукции PSF | 02.2023 | https://www.ps-automation.com/wp-content/uploads/PS_PSF_ENG_COM.pdf
Обзор продукта | Обзор продукции PSF-M | 02.2023 | https://www.ps-automation.com/wp-content/uploads/PS_PSF-M_ENG_COM.pdf
Технические данные | Паспорт PSF | 09.2023 | https://www.ps-automation.com/wp-content/uploads/TD_PSF_ENG.pdf
Технические данные | Паспорт PSF301-302 | 02.2023 | https://www.ps-automation.com/wp-content/uploads/TD_PSF301-302_ENG.pdf
Технические данные | Паспорт PSF402.1 | 02.2023 | https://www.ps-automation.com/wp-content/uploads/TD_PSF402.1_ENG.pdf
Технические данные | Паспорт PSF402.2 | 02.2023 | https://www.ps-automation.com/wp-content/uploads/TD_PSF402.2_ENG.pdf
Технические данные | Паспорт PSF-M | 02.2023 | https://www.ps-automation.com/wp-content/uploads/TD_PSF-M_ENG.pdf
Технические данные | Паспорт PSF-M301-302 | 02.2023 | https://www.ps-automation.com/wp-content/uploads/TD_PSF-M301-302_ENG.pdf
Технические данные | Форма Новая адаптация | 02.2023 | https://www.ps-automation.com/wp-content/uploads/New_Adaption_ValveCapture_ENG.pdf
Инструкция по эксплуатации | Руководство по эксплуатации PSF | 05.2024 | https://www.ps-automation.com/wp-content/uploads/OI_PSF_RUS_8035613.pdf
Инструкция по эксплуатации | Руководство по эксплуатации PSF-M | 05.2024 | https://www.ps-automation.com/wp-content/uploads/OI_PSF-M_RUS_8035611.pdf
Инструкция по эксплуатации | Краткое руководство по эксплуатации PSF301, PSF302 | 01.2023 | https://www.ps-automation.com/wp-content/uploads/SOI_PSF301_PSF302_GER_ENG_8034560.pdf
Инструкция по эксплуатации | Краткое руководство по эксплуатации PSF-M301, PSF-M302 | 01.2023 | https://www.ps-automation.com/wp-content/uploads/SOI_PSF-M301_PSF-M302_GER_ENG_8035062.pdf
Инструкция по эксплуатации | Руководство по эксплуатации PSF301, PSF302 | 07.2023 | https://www.ps-automation.com/wp-content/uploads/OI_PSF301_PSF302_ENG.pdf
Инструкция по эксплуатации | Руководство по эксплуатации PSF402.2 | 05.2024 | https://www.ps-automation.com/wp-content/uploads/OI_PSF402.2_RUS_8035612.pdf
Инструкция по эксплуатации | Инструкции по монтажу Аксессуары PSF/PSF-M | 05.2024 | https://www.ps-automation.com/wp-content/uploads/II_Acc_PSF_GER_ENG_8014753.pdf";psf-psf-m;https://www.ps-automation.com/products-2/psf-psf-m/?lang=ru
Поворотные приводы;PSF-Q-EX / PSF-Q-M-EX;PSF-Q-EX / PSF-Q-M-EX – это многофункциональный взрывозащищенный привод для промышленной арматуры различного назначения с выдвигающимся или втягивающимся штоком в случае отключения питания. IОн оснащен бесконтактным, не изнашивающимся датчиком перемещения с датчиком Холла для точного позиционирования.PSF-Q-EX: Встроенная силовая пружина обеспечивает безопасность в случае потери электропитанияPSF-Q-M-EX: Ручное управление может осуществляться с помощью штурвала или двух кнопок местного управления– EX-защита в соответствии с ATEX:   TPS 22 ATEX 110398 0002 X   Ex db eb IIC T6/T4 Gb   Ex h db eb IIC T6/T4 Gb   Ex tb IIIC T80°C/T100°C Db   Ex h tb IIIC T80°C/T100°C Db– EX-защита в соответствии с IECEx:   IECEx TPS 22.0019X (www.iecex.com)   Ex db eb IIC T6/T4 Gb   Ex tb IIIC T80°C/T100°C DbБлагодаря своей прочности и небольшим размерам серия PSF-Q-EX/PSF-Q-M-EX является интересным расширением ассортимента продукции для промышленного сектора, а также сектора отопления, вентиляции и кондиционирования воздуха.– Микропроцессорное управление со встроенными позиционерами– Бесщеточный двигатель постоянного тока (BLDC)– Бесконтактное декодирование положения без износа с помощью датчика Холла– Прочный промышленный дизайн с крышкой из поликарбоната Алюминиевый редуктор с порошковым покрытием– Ручное обслуживание во взрывозащищенной зоне– Интегрированная спиральная пружина– Интегрированный позиционный регулятор и устройство позиционного квитирования– Автоматическая функция ввода в эксплуатацию;https://www.ps-automation.com/wp-content/uploads/produktbild-mit-beschreibungen.png;https://www.ps-automation.com/wp-content/uploads/produktbild-mit-beschreibungen.png;"ТЕХНИЧЕСКИЕ Данные | PSF-Q50-EX | 50 Nm | 25 s / 90° | F05/F07 | 24 VAC/DC, 100 – 240 VAC
ТЕХНИЧЕСКИЕ Данные | PSF-Q80-EX | 80 Nm | 30 s / 90° | F05/F07 | 24 VAC/DC, 100 – 240 VAC
ТЕХНИЧЕСКИЕ Данные | PSF-Q-M50-EX | 50 Nm | 16 / 20 / 30 s (регулируемый) | F05/F07 | 24 VAC/DC, 100 – 240 VAC
ТЕХНИЧЕСКИЕ Данные | PSF-Q-M80-EX | 80 Nm | 16 / 20 / 30 s (регулируемый) | F05/F07 | 24 VAC/DC, 100 – 240 VAC";"Обзор продукта | Обзор продукции PSF-Q-EX | 04.2024 | https://www.ps-automation.com/wp-content/uploads/PS_PSF-Q-EX_ENG.pdf
Обзор продукта | Обзор продукции PSF-Q-M-EX | 04.2024 | https://www.ps-automation.com/wp-content/uploads/PS_PSF-Q-M-EX_ENG.pdf
Технические данные | Паспорт PSF-Q-EX | 04.2024 | https://www.ps-automation.com/wp-content/uploads/TD_PSF-Q-EX_ENG.pdf
Технические данные | Паспорт PSF-Q-M-EX | 04.2024 | https://www.ps-automation.com/wp-content/uploads/TD_PSF-Q-M-EX_ENG.pdf
Технические данные | Сертификат проверки типа ЕС TPS 22 ATEX 110398 0002 X | 04.2023 | https://www.ps-automation.com/wp-content/uploads/TPS-22-ATEX-110398-0002-X-EN.pdf
Инструкция по эксплуатации | Руководство по эксплуатации PSF-Q-EX (ATEX) | 06.2024 | https://www.ps-automation.com/wp-content/uploads/OI_PSF-Q-EX_ENG_ATEX_8035798.pdf
Инструкция по эксплуатации | Руководство по эксплуатации PSF-Q-EX (IECEx) | 06.2024 | https://www.ps-automation.com/wp-content/uploads/OI_PSF-Q-EX_ENG_IECEX_8035799.pdf
Инструкция по эксплуатации | Руководство по эксплуатации PSF-Q-M-EX (ATEX) | 06.2024 | https://www.ps-automation.com/wp-content/uploads/OI_PSF-Q-M-EX_ENG_ATEX_8035800.pdf
Инструкция по эксплуатации | Руководство по эксплуатации PSF-Q-M-EX (IECEx) | 06.2024 | https://www.ps-automation.com/wp-content/uploads/OI_PSF-Q-M-EX_ENG_IECEX_8035801.pdf";psf-q-ex-psf-q-m-ex;https://www.ps-automation.com/products-2/psf-q-ex-psf-q-m-ex/?lang=ru
Поворотные приводы;PSF-Q / PSF-Q-M;На основе хорошо зарекомендовавших себя в течение ряда лет тяговых приводов типа PSF мы разработали новую линейку приводов с механической функцией аварийного отключения или, по выбору, ручного управления.Новый тип PSF-Q / PSF-Q-M – это применяемый в промышленных условиях многофункциональный регулируемый привод для включения промышленных клапанов различных конструкций для различного применения.PSF-Q: Интегрированная приводная пружина обеспечивает аварийное отключение в случае отказа питания.PSF-Q-M: Аварийное ручное управление обеспечивается маховиком или посредством кнопок управления на месте.Благодаря прочности и компактной конструкции, эта интересная разработка может применяться как для промышленного сектора, так и для автоматизации зданий.Управление на микроконтроллере со встроенным позиционным регуляторомБесщеточный двигатель постоянного тока (BLDC)Бесконтактное износостойкое обнаружение хода датчиком Холла 12 битПрочный кожух из поликарбоната, алюминиевый корпус с порошковым покрытиемВизуальная индикация положения;https://www.ps-automation.com/wp-content/uploads/produktbild_psf-q_psf-q-m.png;https://www.ps-automation.com/wp-content/uploads/produktbild_psf-q_psf-q-m.png;"ТЕХНИЧЕСКИЕ Данные | PSF-Q50 | 50 Nm | 25 s / 90° | F05/F07 | 24 VAC/DC, 100 – 240 VAC
ТЕХНИЧЕСКИЕ Данные | PSF-Q80 | 80 Nm | 30 s / 90° | F05/F07 | 24 VAC/DC, 100 – 240 VAC
ТЕХНИЧЕСКИЕ Данные | PSF-Q-M50 | 50 Nm | 16 / 20 / 30 s (регулируемый) | F05/F07 | 24 VAC/DC, 100 – 240 VAC
ТЕХНИЧЕСКИЕ Данные | PSF-Q-M80 | 80 Nm | 16 / 20 / 30 s (регулируемый) | F05/F07 | 24 VAC/DC, 100 – 240 VAC";"Технические данные | Паспорт PSF-Q | 04.2024 | https://www.ps-automation.com/wp-content/uploads/TD_PSF-Q_RUS.pdf
Технические данные | Паспорт PSF-Q-M | 04.2024 | https://www.ps-automation.com/wp-content/uploads/TD_PSF-Q-M_RUS.pdf
Инструкция по эксплуатации | Руководство по эксплуатации PSF-Q | 10.2024 | https://www.ps-automation.com/wp-content/uploads/OI_PSF-Q_RUS_8035614.pdf
Инструкция по эксплуатации | Руководство по эксплуатации PSF-Q-M | 10.2024 | https://www.ps-automation.com/wp-content/uploads/OI_PSF-Q-M_RUS_8035615.pdf
Инструкция по эксплуатации | Руководство по монтажу комплектующие | 01.2023 | https://www.ps-automation.com/wp-content/uploads/II_Acc_PSF-Q_GER_ENG_8015476.pdf";psf-q-psf-q-m;https://www.ps-automation.com/products-2/psf-q-psf-q-m/?lang=ru
Поворотные приводы;PS-AMS PSQ;PS-AMS – это запатентованное умное решение по приводам от PS Automation GmbH для поворотных приводов до 3000 Нм. Новое поколение PS-AMS11/12/13 основано на хорошо зарекомендовавшем себя PS-AMS01/02/03, имеется для всех общеупотребительных уровней напряжения питания и механически адаптируется почти к любой арматуре.Приводы PS-AMS содержат усовершенствованный интегрированный микроконтроллер с флэш-накопителем, который отвечает за управление и контроль всех функций привода. Объединение всех функций на одной-единственной плате делает приводы PS-AMS надежными в эксплуатации и удобными при монтаже, а это означает снижение себестоимости и, следовательно, отличное соотношений цены и качества.– PПараметрируемый привод– Функция позиционного регулятора и датчика положения– Функция автоматического ввода в эксплуатацию– Комплексная диагностика– Опциональные комплектующие, например, электрическое отключение, функция полевой шины, управление на месте;https://www.ps-automation.com/wp-content/uploads/hauptproduktbild-psq-ams-1011x1024.png;https://www.ps-automation.com/wp-content/uploads/hauptproduktbild-psq-ams-1011x1024.png;"ТЕХНИЧЕСКИЕ Данные | PSQ103/AMS11 | 130 Нм | 36 – 72 с/90° | F05/F07 | 24/115/230/360…575 B AC, 24 B DC
ТЕХНИЧЕСКИЕ Данные | PSQ103/AMS12 | 130 Нм | 9 – 18 с/90° | F05/F07 | 24/115/230/360…575 B AC, 24 B DC
ТЕХНИЧЕСКИЕ Данные | PSQ203/AMS11 | 250 Нм | 60 – 120 с/90° | F07/F10 | 24/115/230/360…575 B AC, 24 B DC
ТЕХНИЧЕСКИЕ Данные | PSQ203/AMS12 | 250 Нм | 16 – 32 с/90° | F07/F10 | 24/115/230/360…575 B AC, 24 B DC
ТЕХНИЧЕСКИЕ Данные | PSQ503/AMS12 | 500 Нм | 36 – 72 с/90° | F10/F12 | 24/115/230/360…575 B AC, 24 B DC
ТЕХНИЧЕСКИЕ Данные | PSQ703/AMS13 | 700 Нм | 70 – 140 с/90° | F10/F12 | 24/115/230/360…575 B AC, 24 B DC
ТЕХНИЧЕСКИЕ Данные | PSQ1003/AMS13 | 1000 Нм | 70 – 140 с/90° | F12/F14 | 24/115/230/360…575 B AC, 24 B DC
ТЕХНИЧЕСКИЕ Данные | PSQ1503/AMS13 | 1500 Нм | 110 – 220 с/90° | F12/F14/F16 | 24/115/230/360…575 B AC, 24 B DC
ТЕХНИЧЕСКИЕ Данные | PSQ2003/AMS13 | 2000 Нм | 144 – 288 с/90° | F16 | 24/115/230/360…575 B AC, 24 B DC
ТЕХНИЧЕСКИЕ Данные | PSQ2803/AMS13 | 2800 Нм | 280 – 560 с/90° | F16 | 24/115/230/360…575 B AC, 24 B DC
ТЕХНИЧЕСКИЕ Данные | PSQ3003/AMS13 | 3000 Нм | 280 – 560 с/90° | F16 | 24/115/230/360…575 B AC, 24 B DC";"Обзор продукта | Обзор продукции PS-AMS PSQ | 02.2023 | https://www.ps-automation.com/wp-content/uploads/PS_PSQ-AMS_ENG_COM.pdf
Обзор продукта | Проспект PSQ / PS-AMS PSQ | 05.2024 | https://www.ps-automation.com/wp-content/uploads/SB_PSQ_PSQ-AMS_RUS_COM.pdf
Технические данные | Паспорт PSQ103AMS | 02.2023 | https://www.ps-automation.com/wp-content/uploads/TD_AMS1x_PSQ103_ENG.pdf
Технические данные | Паспорт PSQ103AMS Низкотемпературное исполнение -40° C | 04.2024 | https://www.ps-automation.com/wp-content/uploads/TD_AMS12_PSQ103_LowTemp_ENG.pdf
Технические данные | Паспорт PSQ203AMS | 02.2023 | https://www.ps-automation.com/wp-content/uploads/TD_AMS1x_PSQ203_ENG.pdf
Технические данные | Паспорт PSQ203AMS Низкотемпературное исполнение -40° C | 04.2024 | https://www.ps-automation.com/wp-content/uploads/TD_AMS12_PSQ203_LowTemp_ENG.pdf
Технические данные | Паспорт PSQ503AMS | 02.2023 | https://www.ps-automation.com/wp-content/uploads/TD_AMS1x_PSQ503_ENG.pdf
Технические данные | Паспорт PSQ503AMS Низкотемпературное исполнение -40° C | 04.2024 | https://www.ps-automation.com/wp-content/uploads/TD_AMS12_PSQ503_LowTemp_ENG.pdf
Технические данные | Паспорт PSQ703AMS | 02.2023 | https://www.ps-automation.com/wp-content/uploads/TD_AMS1x_PSQ703_ENG.pdf
Технические данные | Паспорт PSQ1003AMS13 | 04.2024 | https://www.ps-automation.com/wp-content/uploads/TD_AMS13_PSQ1003_ENG.pdf
Технические данные | Паспорт PSQ1503AMS13 | 04.2024 | https://www.ps-automation.com/wp-content/uploads/TD_AMS13_PSQ1503_ENG.pdf
Технические данные | Паспорт PSQ2003AMS12, PSQ2803AMS13 | 02.2023 | https://www.ps-automation.com/wp-content/uploads/TD_AMS13_PSQ2003_PSQ2803_ENG.pdf
Технические данные | Паспорт PSQ3003AMS13 | 02.2023 | https://www.ps-automation.com/wp-content/uploads/TD_AMS1x_PSQ3003_ENG.pdf
Инструкция по эксплуатации | Руководство по эксплуатации PS-AMS PSQ | 01.2025 | https://www.ps-automation.com/wp-content/uploads/OI_AMS1x_PSQ_RUS_8035620.pdf";ps-ams-psq;https://www.ps-automation.com/products-2/ps-ams-psq/?lang=ru
Поворотные приводы;PS-AMS PSQ-S;PS-AMS PSQ-S – умный поворотный привод с новой концепцией кожуха и точкой доступа Wi-Fi для простого и беспроводного параметрирования и диагностики. Имеется для диапазонов частоты вращения: 60–200 Нм, 250–400 Нм и 450–1500 Нм.Оптимизированный редуктор и ,есщеточный двигатель постоянного тока (BLDC) с регулировкой частоты вращения обеспечивают энергосберегающий и щадящий режим. Применение датчика Холла допускает бесконтактное износостойкое определение положения.На стадии планирования – допуск ATEX для зон 1 и 2, а также 21 и 22 в соответствии с директивой ATEX 2014-34-EU для группы устройств II, категории устройств 2.— Комплексная диагностика— Точка доступа Wi-Fi— 7-сегментная индикация состояния с меню выбора параметров— Бесконтактная индикация положения для надежной плотности— Класс защиты IP68— Все опции полностью интегрируются в кожух;https://www.ps-automation.com/wp-content/uploads/produktbild-psq-s-ams-mit-beschreibungen.png;https://www.ps-automation.com/wp-content/uploads/produktbild-psq-s-ams-mit-beschreibungen.png;ТЕХНИЧЕСКИЕ Данные | PSQ-S-200-AMS | 200 Нм | 6 – 20 с/90° | F05/F07/F10 | 24/100-240/400 B AC, 24 B DC;"Обзор продукта | Обзор продукции PS-AMS PSQ-S | 02.2023 | https://www.ps-automation.com/wp-content/uploads/PS_PSQ-S-AMS_ENG.pdf
Технические данные | Паспорт PSQ-S-200-AMS | 02.2023 | https://www.ps-automation.com/wp-content/uploads/TD_AMS2x_PSQ-S-200_ENG.pdf
Инструкция по эксплуатации | Руководство по эксплуатации PS-AMS PSQ-S | 02.2023 | https://www.ps-automation.com/wp-content/uploads/OI_AMS1x_PSQ-S_ENG.pdf
Инструкция по эксплуатации | Руководство по эксплуатации PSC.3 | 02.2023 | https://www.ps-automation.com/wp-content/uploads/OI_AMS1x_PSC_3_PSQ-S_ENG.pdf
Инструкция по эксплуатации | Руководство по эксплуатации PSCS-WIFI | 03.2024 | https://www.ps-automation.com/wp-content/uploads/OI_PSCS_WIFI_ENG.pdf";ps-ams-psq-s;https://www.ps-automation.com/products-2/ps-ams-psq-s/?lang=ru
Поворотные приводы;PSQ;"Компактные поворотные приводы PSQ имеются для моментов отключения 50 Нм–3000 Нм; для углов поворота 90°, 180° или других; есть также приводы непрерывного прокручивания.Усовершенствованные, проверенные, прочные, не требуют технического обслуживания. С момента выхода на рынок 15 лет тому назад нам неизвестно о повреждении редукторов по причине износа при работе в штатном режиме. Мы можем предположить, что PSQ может работать столько же, сколько арматура.При составлении бюджета в отношении PSQ от PS Automation следует учитывать только низкие затраты на приобретение и эксплуатационные расходы, а не затраты на обслуживание.– Не требующий обслуживания дифференциальный редуктор планетарного типа– Регулируемое отключение по достижении крутящего момента– Удобное ручное включение без разъединения– Сменная муфта для подключения шпинделя клапана– Широкий спектр комплектующих с возможностью дооснащения";https://www.ps-automation.com/wp-content/uploads/produktbild_psq.png;https://www.ps-automation.com/wp-content/uploads/produktbild_psq.png;"ТЕХНИЧЕСКИЕ Данные | PSQ103 | 130 Нм | 8 – 16 с/90° | F05/F07 | 24/115/230/400 B AC, 24 B DC
ТЕХНИЧЕСКИЕ Данные | PSQ103 | 130 Нм | 32 – 65 с/90° | F05/F07 | 24/115/230/400 B AC, 24 B DC
ТЕХНИЧЕСКИЕ Данные | PSQ103 | 150 Нм | 32 с/90° | F05/F07 | 24/230/400 B AC
ТЕХНИЧЕСКИЕ Данные | PSQ203 | 250 Нм | 20 – 69 с/90° | F07/F10 | 24/115/230/400 B AC, 24 B DC
ТЕХНИЧЕСКИЕ Данные | PSQ203 | 300 Нм | 69 с/90° | F07/F10 | 24/230/400 B AC
ТЕХНИЧЕСКИЕ Данные | PSQ503 | 500 Нм | 29 – 93 с/90° | F10/F12 | 24/115/230/400 B AC, 24 B DC
ТЕХНИЧЕСКИЕ Данные | PSQ503 | 600 Нм | 93 с/90° | F10/F12 | 24/230/400 B AC
ТЕХНИЧЕСКИЕ Данные | PSQ703 | 700 Нм | 29 – 93 с/90° | F10/F12 | 24/115/230/400 B AC, 24 B DC
ТЕХНИЧЕСКИЕ Данные | PSQ1003 | 1000 Нм | 29 – 120 с/90° | F12/F14 | 24/115/230/400 B AC, 24 B DC
ТЕХНИЧЕСКИЕ Данные | PSQ1503 | 1500 Нм | 60 / 75 / 80 / 90 с/90° | F12/F14/F16 | 24/115/230/400 B AC, 24 B DC
ТЕХНИЧЕСКИЕ Данные | PSQ2003 | 2000 Nm | 120 / 160 / 172 с/90° | F16 | 24/115/230/400 B AC, 24 B DC
ТЕХНИЧЕСКИЕ Данные | PSQ2803 | 2800 Nm | 120 / 160 / 172 с/90° | F16 | 24/115/230/400 B AC, 24 B DC
ТЕХНИЧЕСКИЕ Данные | PSQ3003 | 3000 Nm | 120 / 240 / 172 с/90° | F16 | 24/115/230/400 B AC, 24 B DC";"Обзор продукта | Обзор продукции ProdNews_PSQx03 | 02.2023 | https://www.ps-automation.com/wp-content/uploads/PS_PSQx03_ENG.pdf
Обзор продукта | Новости о продукции PSQx03 | 02.2023 | https://www.ps-automation.com/wp-content/uploads/PS_ProdNews_PSQx03_ENG_COM.pdf
Технические данные | Паспорт PSQ103 8-16 sec | 07.2023 | https://www.ps-automation.com/wp-content/uploads/TD_PSQ103_8-16_sec_ENG.pdf
Технические данные | Паспорт PSQ103 32-65 seс | 07.2023 | https://www.ps-automation.com/wp-content/uploads/TD_PSQ103_32-65_sec_ENG.pdf
Технические данные | Паспорт PSQ103 Низкотемпературное исполнение -40°C | 04.2024 | https://www.ps-automation.com/wp-content/uploads/TD_PSQ103_LowTemp_ENG.pdf
Технические данные | Паспорт PSQ103 150 Nm | 07.2023 | https://www.ps-automation.com/wp-content/uploads/TD_PSQ103_32_sec_150_Nm_ENG.pdf
Технические данные | Паспорт PSQ203 | 07.2023 | https://www.ps-automation.com/wp-content/uploads/TD_PSQ203_ENG.pdf
Технические данные | Паспорт PSQ203 300 Nm | 07.2023 | https://www.ps-automation.com/wp-content/uploads/TD_PSQ203_300_Nm_ENG.pdf
Технические данные | Паспорт PSQ203 Низкотемпературное исполнение -40°C | 04.2024 | https://www.ps-automation.com/wp-content/uploads/TD_PSQ203_LowTemp_ENG.pdf
Технические данные | Паспорт PSQ503 | 07.2023 | https://www.ps-automation.com/wp-content/uploads/TD_PSQ503_ENG.pdf
Технические данные | Паспорт PSQ503 120 seс | 04.2024 | https://www.ps-automation.com/wp-content/uploads/TD_PSQ503_120_sec_ENG.pdf
Технические данные | Паспорт PSQ503 600 Nm | 07.2023 | https://www.ps-automation.com/wp-content/uploads/TD_PSQ503_600_Nm_ENG.pdf
Технические данные | Паспорт PSQ503 Низкотемпературное исполнение -40°C | 04.2024 | https://www.ps-automation.com/wp-content/uploads/TD_PSQ503_LowTemp_ENG.pdf
Технические данные | Паспорт PSQ703 | 02.2023 | https://www.ps-automation.com/wp-content/uploads/TD_PSQ703_ENG.pdf
Технические данные | Паспорт PSQ703 120 сек | 06.2025 | https://www.ps-automation.com/wp-content/uploads/TD_PSQ1003_120_sec_ENG-1.pdf
Технические данные | Паспорт PSQ703 Низкотемпературное исполнение -40°C | 04.2024 | https://www.ps-automation.com/wp-content/uploads/TD_PSQ703_LowTemp_ENG.pdf
Технические данные | Паспорт PSQ1003 | 04.2024 | https://www.ps-automation.com/wp-content/uploads/TD_AMS13_PSQ1003_ENG.pdf
Технические данные | Паспорт PSQ1003 120 сек | 04.2024 | https://www.ps-automation.com/wp-content/uploads/TD_PSQ1003_120_sec_ENG.pdf
Технические данные | Паспорт PSQ1503 | 07.2023 | https://www.ps-automation.com/wp-content/uploads/TD_PSQ1503_ENG.pdf
Технические данные | Паспорт PSQ2003, PSQ2803 | 09.2023 | https://www.ps-automation.com/wp-content/uploads/TD_PSQ2003_PSQ2803_ENG.pdf
Технические данные | Паспорт PSQ3003 | 09.2023 | https://www.ps-automation.com/wp-content/uploads/TD_PSQ3003_ENG.pdf
Инструкция по эксплуатации | Руководство по эксплуатации PSQx02 | 02.2023 | https://www.ps-automation.com/wp-content/uploads/OI_PSQx02_ENG_COM.pdf
Инструкция по эксплуатации | Руководство по эксплуатации PSQx03 | 09.2024 | https://www.ps-automation.com/wp-content/uploads/OI_PSQx03_RUS_8035618.pdf";psq;https://www.ps-automation.com/products-2/psq/?lang=ru
Поворотные приводы;PSQ-E;В серии PSQ-E используются недорогие технологии изготовления и эффективный совмещенный редуктор, объединяющий прочность и низкую стоимость.Для защиты арматуры вместо выключателя крутящего момента применяются двигатели с ограничением по крутящему моменту с контактором и тепловым реле. Вы можете выбрать два крутящих момента и пять значений рабочего напряжения.Стандартная версия с предварительно заданными выключателями хода и сигнала, а также муфтой для шпинделя клапана. Возможно дооснащение с обогревом щитовой, потенциометром и мА-датчиком положения в 2- или 3-проводной технике.– Не требующий обслуживания редуктор планетарного типа с оптимизированным кпд– Ручное включение без сцепного механизма– Корпус из поликарбоната, IP67;https://www.ps-automation.com/wp-content/uploads/produktbild_psq-e.png;https://www.ps-automation.com/wp-content/uploads/produktbild_psq-e.png;"ТЕХНИЧЕСКИЕ Данные | PSQ-E100 | 100 Нм | 23 с/90° | F05/F07 | 24/115/230/400 B AC
ТЕХНИЧЕСКИЕ Данные | PSQ-E130 | 130 Нм | 32 с/90° | F05/F07 | 24 B DC
ТЕХНИЧЕСКИЕ Данные | PSQ-E150 | 150 Нм | 19 – 25 с/90° | F05/F07 | 24/115/230/400 B AC";"Обзор продукта | Обзор продукции PSQ-E | 02.2023 | https://www.ps-automation.com/wp-content/uploads/PS_PSQ-E_ENG_COM.pdf
Обзор продукта | Проспект PSQ-E, PSR-E | 02.2023 | https://www.ps-automation.com/wp-content/uploads/SB_PSQ-E_PSR-E_ENG_COM.pdf
Технические данные | Паспорт PSQ-E | 02.2023 | https://www.ps-automation.com/wp-content/uploads/TD_PSQ-E_ENG.pdf
Технические данные | Паспорт PSQ-E130 | 02.2023 | https://www.ps-automation.com/wp-content/uploads/TD_PSQ-E130_ENG.pdf
Инструкция по эксплуатации | Руководство по эксплуатации PSQ-E | 05.2024 | https://www.ps-automation.com/wp-content/uploads/OI_PSQ-E_RUS_8035619.pdf";psq-e;https://www.ps-automation.com/products-2/psq-e/?lang=ru
Поворотные приводы;PSR-E;Поворотные приводы серии PSR-E – это выгодное дополнение к известным приводам PSQ для крутящего момента в диапазоне 25 Нм–50 Нм, которые предназначены для непосредственной установки в соответствии с ISO 5211Для большого срока службы приводы PSR-E оснащены не требующим обслуживания бесшумным цилиндрическим редуктором с высоким кпд. Благодаря применению синхронных двигателей без выбега, PSR-E с различными значениями времени формирования управляющего воздействия без ограничений предназначены для режима регулирования.Вы получите преимущества от стандартизации модульных комплектующих: можно хранить меньше деталей и значительно сократить расходы на обучение персонала, занимающегося продажами, обслуживанием и установкой.– Не требующий обслуживания цилиндрический редуктор с высоким кпд– Кожух из устойчивого к УФ поликарбоната– Предназначен для непосредственной установки в соответствии с ISO 5211– Удобное ручное включение– Опционально класс защиты IP67;https://www.ps-automation.com/wp-content/uploads/produktbild-mit-beschreibungen_psr-e.png;https://www.ps-automation.com/wp-content/uploads/produktbild-mit-beschreibungen_psr-e.png;"ТЕХНИЧЕСКИЕ Данные | PSR-E25 | 25 Нм | 9 / 17 с/90° | F05/F07 (opt. F04/F07) | 24/115/230 B AC, 24 B DC
ТЕХНИЧЕСКИЕ Данные | PSR-E50 | 50 Нм | 6 / 12 / 16 / 33 / 80 с/90° | F05/F07 (opt. F04/F07) | 24/115/230/400 B AC, 24 B DC
ТЕХНИЧЕСКИЕ Данные | PSR-E-C25 | 25 Нм | 17 с/90° | F04/F05/F07 | 24/115/230 B AC
ТЕХНИЧЕСКИЕ Данные | PSR-E-C45 | 45 Нм | 17 с/90° | F04/F05/F07 | 24/115/230 B AC";"Обзор продукта | Обзор продукции PSR-E | 02.2023 | https://www.ps-automation.com/wp-content/uploads/PS_PSR-E_ENG_COM.pdf
Обзор продукта | Проспект PSQ-E, PSR-E | 02.2023 | https://www.ps-automation.com/wp-content/uploads/SB_PSQ-E_PSR-E_ENG_COM.pdf
Технические данные | Паспорт PSR-E25 | 02.2023 | https://www.ps-automation.com/wp-content/uploads/TD_PSR-E25_ENG.pdf
Технические данные | Паспорт PSR-E50_6-12с | 02.2023 | https://www.ps-automation.com/wp-content/uploads/TD_PSR-E50_6-12_sec_ENG.pdf
Технические данные | Паспорт PSR-E50_16-80с | 02.2023 | https://www.ps-automation.com/wp-content/uploads/TD_PSR-E50_16-80_sec_ENG.pdf
Технические данные | Паспорт PSR-E-C25 | 02.2023 | https://www.ps-automation.com/wp-content/uploads/TD_PSR-E-C25_ENG.pdf
Технические данные | Паспорт PSR-E-C45 | 02.2023 | https://www.ps-automation.com/wp-content/uploads/TD_PSR-E-C45_ENG.pdf
Инструкция по эксплуатации | Руководство по эксплуатации PSR-E | 05.2024 | https://www.ps-automation.com/wp-content/uploads/OI_PSR-E_RUS_8035621.pdf
Инструкция по эксплуатации | Руководство по эксплуатации PSR-E-C | 10.2023 | https://www.ps-automation.com/wp-content/uploads/OI_PSR-E-C_RUS_8035622.pdf";psr-e;https://www.ps-automation.com/products-2/psr-e/?lang=ru
Параметрируемые приводы;PS-AMS PSL;PS-AMS — это запатентованное умное решение по приводам от PS Automation GmbH для тяговых приводов до 25 кН. Новое поколение PS-AMS11/12/13 основано на хорошо зарекомендовавшем себя PS-AMS01/02/03, имеется для всех общеупотребительных уровней напряжения питания и механически адаптируется почти к любой арматуре.Приводы PS-AMS содержат усовершенствованный интегрированный микроконтроллер с флэш-накопителем, который отвечает за управление и контроль всех функций привода. Объединение всех функций на одной-единственной плате делает приводы PS-AMS надежными в эксплуатации и удобными при монтаже, а это означает снижение себестоимости и, следовательно, отличное соотношений цены и качества.– Параметрируемый привод– Функция позиционного регулятора и датчика положений– Автоматический ввод в эксплуатацию– Комплексная диагностика– Опциональные комплектующие, например, электрическое отключение, функция полевой шины, управление на месте;https://www.ps-automation.com/wp-content/uploads/produktbild-psl-ams-mit-beschreibungen4-2.png;https://www.ps-automation.com/wp-content/uploads/produktbild-psl-ams-mit-beschreibungen4-2.png;"ТЕХНИЧЕСКИЕ Данные | PSL202/AMS11 | 2,3 кН | 0,45 – 2,0 мм/с | 50 мм | 24/115/230/360…460 B AC, 24 B DC
ТЕХНИЧЕСКИЕ Данные | PSL204/AMS11 | 4,5 кН | 0,45 – 0,9 мм/с | 50 мм | 24/115/230/360…460 B AC, 24 B DC
ТЕХНИЧЕСКИЕ Данные | PSL204/AMS12 | 4,5 кН | 2,0 – 4,0 мм/с | 50 мм | 24/115/230/360…460 B AC, 24 B DC
ТЕХНИЧЕСКИЕ Данные | PSL204/AMS12 -40°C | 3,4 кН | 2,0 – 4,0 мм/с | 50 мм | 24/115/230 B AC, 24 B DC
ТЕХНИЧЕСКИЕ Данные | PSL208/AMS11 | 8,0 кН | 0,3 – 0,7 мм/с | 50 мм (opt. 65 мм) | 24/115/230/360…460 B AC, 24 B DC
ТЕХНИЧЕСКИЕ Данные | PSL210/AMS11 | 10,0 кН | 0,2 – 0,35 мм/с | 50 мм (opt. 65 мм) | 24/115/230/360…460 B AC, 24 B DC
ТЕХНИЧЕСКИЕ Данные | PSL210/AMS12 | 10,0 кН | 0,85 – 1,7 мм/с | 50 мм (opt. 65 мм) | 24/115/230/360…460 B AC, 24 B DC
ТЕХНИЧЕСКИЕ Данные | PSL210/AMS12 -40°C | 7,5 кН | 0,85 – 1,7 мм/с | 50 мм (opt. 65 мм) | 24/115/230 B AC, 24 B DC
ТЕХНИЧЕСКИЕ Данные | PSL214/AMS12 | 14,0 кН | 0,65 – 1,3 мм/с | 65 мм | 24/115/230/360…460 B AC, 24 B DC
ТЕХНИЧЕСКИЕ Данные | PSL214/AMS12 -40°C | 10,5 кН | 0,65 – 1,3 мм/с | 65 мм | 24/115/230 B AC, 24 B DC
ТЕХНИЧЕСКИЕ Данные | PSL320/AMS13 | 20,0 кН | 0,65 – 1,3 мм/с0,2 – 0,4 мм/с | 95 мм | 24/115/230/360…460 B AC, 24 B DC
ТЕХНИЧЕСКИЕ Данные | PSL325/AMS13 | 25,0 кН | 0,2 – 0,4 мм/с | 95 мм | 24/115/230/360…460 B AC, 24 B DC";"Обзор продукта | Проспект PSL / PS-AMS PSL | 02.2023 | https://www.ps-automation.com/wp-content/uploads/SB_PSL_PSL-AMS_ENG_COM.pdf
Обзор продукта | Обзор продукции PS-AMS PSL | 02.2023 | https://www.ps-automation.com/wp-content/uploads/PS_PSL-AMS_ENG_COM.pdf
Технические данные | Технические паспорта PSL202-AMS11 | 06.2025 | https://www.ps-automation.com/wp-content/uploads/TD_AMS1x_PSL202_Mod4_RUS.pdf
Технические данные | Технические паспорта PSL204-AMS11/12 | 06.2025 | https://www.ps-automation.com/wp-content/uploads/TD_AMS1x_PSL204_Mod4_RUS.pdf
Технические данные | Технические паспорта PSL204-AMS12 Низкотемпературная версия -40°C | 06.2025 | https://www.ps-automation.com/wp-content/uploads/TD_AMS1x_PSL204_Mod4_LowTemp_RUS.pdf
Технические данные | Технические паспорта PSL208-AMS11 | 09.2023 | https://www.ps-automation.com/wp-content/uploads/TD_AMS1x_PSL208_Mod4_RUS.pdf
Технические данные | Технические паспорта PSL210-AMS11/12 | 09.2023 | https://www.ps-automation.com/wp-content/uploads/TD_AMS1x_PSL210_Mod4_RUS.pdf
Технические данные | Технические паспорта PSL210-AMS12 Низкотемпературная версия -40°C | 09.2023 | https://www.ps-automation.com/wp-content/uploads/TD_AMS1x_PSL210_Mod4_LowTemp_RUS.pdf
Технические данные | Технические паспорта PSL214-AMS12 | 09.2023 | https://www.ps-automation.com/wp-content/uploads/TD_AMS1x_PSL214_Mod4_RUS.pdf
Технические данные | Технические паспорта PSL214-AMS12 Низкотемпературная версия -40°C | 09.2023 | https://www.ps-automation.com/wp-content/uploads/TD_AMS1x_PSL214_Mod4_LowTemp_RUS.pdf
Технические данные | Технические паспорта PSL320-325-AMS13 | 09.2023 | https://www.ps-automation.com/wp-content/uploads/TD_AMS1x_PSL320-325_Mod4_RUS.pdf
Технические данные | Форма Новая адаптация | 02.2023 | https://www.ps-automation.com/wp-content/uploads/New_Adaption_ValveCapture_ENG.pdf
Инструкция по эксплуатации | Краткое руководство по эксплуатации PS-AMS PSL | 05.2025 | https://www.ps-automation.com/wp-content/uploads/OI_AMS1x_PSL_Mod4_RUS_8035617.pdf
Инструкция по эксплуатации | Краткое руководство по эксплуатации PS-AMS PSL | 01.2023 | https://www.ps-automation.com/wp-content/uploads/II_PSL_Mod4_GER_ENG_ESP_8034325.pdf";ps-ams-psl;https://www.ps-automation.com/products-2/ps-ams-psl/?lang=ru
Параметрируемые приводы;PS-AMS PSQ;PS-AMS – это запатентованное умное решение по приводам от PS Automation GmbH для поворотных приводов до 3000 Нм. Новое поколение PS-AMS11/12/13 основано на хорошо зарекомендовавшем себя PS-AMS01/02/03, имеется для всех общеупотребительных уровней напряжения питания и механически адаптируется почти к любой арматуре.Приводы PS-AMS содержат усовершенствованный интегрированный микроконтроллер с флэш-накопителем, который отвечает за управление и контроль всех функций привода. Объединение всех функций на одной-единственной плате делает приводы PS-AMS надежными в эксплуатации и удобными при монтаже, а это означает снижение себестоимости и, следовательно, отличное соотношений цены и качества.– PПараметрируемый привод– Функция позиционного регулятора и датчика положения– Функция автоматического ввода в эксплуатацию– Комплексная диагностика– Опциональные комплектующие, например, электрическое отключение, функция полевой шины, управление на месте;https://www.ps-automation.com/wp-content/uploads/hauptproduktbild-psq-ams-1011x1024.png;https://www.ps-automation.com/wp-content/uploads/hauptproduktbild-psq-ams-1011x1024.png;"ТЕХНИЧЕСКИЕ Данные | PSQ103/AMS11 | 130 Нм | 36 – 72 с/90° | F05/F07 | 24/115/230/360…575 B AC, 24 B DC
ТЕХНИЧЕСКИЕ Данные | PSQ103/AMS12 | 130 Нм | 9 – 18 с/90° | F05/F07 | 24/115/230/360…575 B AC, 24 B DC
ТЕХНИЧЕСКИЕ Данные | PSQ203/AMS11 | 250 Нм | 60 – 120 с/90° | F07/F10 | 24/115/230/360…575 B AC, 24 B DC
ТЕХНИЧЕСКИЕ Данные | PSQ203/AMS12 | 250 Нм | 16 – 32 с/90° | F07/F10 | 24/115/230/360…575 B AC, 24 B DC
ТЕХНИЧЕСКИЕ Данные | PSQ503/AMS12 | 500 Нм | 36 – 72 с/90° | F10/F12 | 24/115/230/360…575 B AC, 24 B DC
ТЕХНИЧЕСКИЕ Данные | PSQ703/AMS13 | 700 Нм | 70 – 140 с/90° | F10/F12 | 24/115/230/360…575 B AC, 24 B DC
ТЕХНИЧЕСКИЕ Данные | PSQ1003/AMS13 | 1000 Нм | 70 – 140 с/90° | F12/F14 | 24/115/230/360…575 B AC, 24 B DC
ТЕХНИЧЕСКИЕ Данные | PSQ1503/AMS13 | 1500 Нм | 110 – 220 с/90° | F12/F14/F16 | 24/115/230/360…575 B AC, 24 B DC
ТЕХНИЧЕСКИЕ Данные | PSQ2003/AMS13 | 2000 Нм | 144 – 288 с/90° | F16 | 24/115/230/360…575 B AC, 24 B DC
ТЕХНИЧЕСКИЕ Данные | PSQ2803/AMS13 | 2800 Нм | 280 – 560 с/90° | F16 | 24/115/230/360…575 B AC, 24 B DC
ТЕХНИЧЕСКИЕ Данные | PSQ3003/AMS13 | 3000 Нм | 280 – 560 с/90° | F16 | 24/115/230/360…575 B AC, 24 B DC";"Обзор продукта | Обзор продукции PS-AMS PSQ | 02.2023 | https://www.ps-automation.com/wp-content/uploads/PS_PSQ-AMS_ENG_COM.pdf
Обзор продукта | Проспект PSQ / PS-AMS PSQ | 05.2024 | https://www.ps-automation.com/wp-content/uploads/SB_PSQ_PSQ-AMS_RUS_COM.pdf
Технические данные | Паспорт PSQ103AMS | 02.2023 | https://www.ps-automation.com/wp-content/uploads/TD_AMS1x_PSQ103_ENG.pdf
Технические данные | Паспорт PSQ103AMS Низкотемпературное исполнение -40° C | 04.2024 | https://www.ps-automation.com/wp-content/uploads/TD_AMS12_PSQ103_LowTemp_ENG.pdf
Технические данные | Паспорт PSQ203AMS | 02.2023 | https://www.ps-automation.com/wp-content/uploads/TD_AMS1x_PSQ203_ENG.pdf
Технические данные | Паспорт PSQ203AMS Низкотемпературное исполнение -40° C | 04.2024 | https://www.ps-automation.com/wp-content/uploads/TD_AMS12_PSQ203_LowTemp_ENG.pdf
Технические данные | Паспорт PSQ503AMS | 02.2023 | https://www.ps-automation.com/wp-content/uploads/TD_AMS1x_PSQ503_ENG.pdf
Технические данные | Паспорт PSQ503AMS Низкотемпературное исполнение -40° C | 04.2024 | https://www.ps-automation.com/wp-content/uploads/TD_AMS12_PSQ503_LowTemp_ENG.pdf
Технические данные | Паспорт PSQ703AMS | 02.2023 | https://www.ps-automation.com/wp-content/uploads/TD_AMS1x_PSQ703_ENG.pdf
Технические данные | Паспорт PSQ1003AMS13 | 04.2024 | https://www.ps-automation.com/wp-content/uploads/TD_AMS13_PSQ1003_ENG.pdf
Технические данные | Паспорт PSQ1503AMS13 | 04.2024 | https://www.ps-automation.com/wp-content/uploads/TD_AMS13_PSQ1503_ENG.pdf
Технические данные | Паспорт PSQ2003AMS12, PSQ2803AMS13 | 02.2023 | https://www.ps-automation.com/wp-content/uploads/TD_AMS13_PSQ2003_PSQ2803_ENG.pdf
Технические данные | Паспорт PSQ3003AMS13 | 02.2023 | https://www.ps-automation.com/wp-content/uploads/TD_AMS1x_PSQ3003_ENG.pdf
Инструкция по эксплуатации | Руководство по эксплуатации PS-AMS PSQ | 01.2025 | https://www.ps-automation.com/wp-content/uploads/OI_AMS1x_PSQ_RUS_8035620.pdf";ps-ams-psq;https://www.ps-automation.com/products-2/ps-ams-psq/?lang=ru
Параметрируемые приводы;PS-AMS PSQ-S;PS-AMS PSQ-S – умный поворотный привод с новой концепцией кожуха и точкой доступа Wi-Fi для простого и беспроводного параметрирования и диагностики. Имеется для диапазонов частоты вращения: 60–200 Нм, 250–400 Нм и 450–1500 Нм.Оптимизированный редуктор и ,есщеточный двигатель постоянного тока (BLDC) с регулировкой частоты вращения обеспечивают энергосберегающий и щадящий режим. Применение датчика Холла допускает бесконтактное износостойкое определение положения.На стадии планирования – допуск ATEX для зон 1 и 2, а также 21 и 22 в соответствии с директивой ATEX 2014-34-EU для группы устройств II, категории устройств 2.— Комплексная диагностика— Точка доступа Wi-Fi— 7-сегментная индикация состояния с меню выбора параметров— Бесконтактная индикация положения для надежной плотности— Класс защиты IP68— Все опции полностью интегрируются в кожух;https://www.ps-automation.com/wp-content/uploads/produktbild-psq-s-ams-mit-beschreibungen.png;https://www.ps-automation.com/wp-content/uploads/produktbild-psq-s-ams-mit-beschreibungen.png;ТЕХНИЧЕСКИЕ Данные | PSQ-S-200-AMS | 200 Нм | 6 – 20 с/90° | F05/F07/F10 | 24/100-240/400 B AC, 24 B DC;"Обзор продукта | Обзор продукции PS-AMS PSQ-S | 02.2023 | https://www.ps-automation.com/wp-content/uploads/PS_PSQ-S-AMS_ENG.pdf
Технические данные | Паспорт PSQ-S-200-AMS | 02.2023 | https://www.ps-automation.com/wp-content/uploads/TD_AMS2x_PSQ-S-200_ENG.pdf
Инструкция по эксплуатации | Руководство по эксплуатации PS-AMS PSQ-S | 02.2023 | https://www.ps-automation.com/wp-content/uploads/OI_AMS1x_PSQ-S_ENG.pdf
Инструкция по эксплуатации | Руководство по эксплуатации PSC.3 | 02.2023 | https://www.ps-automation.com/wp-content/uploads/OI_AMS1x_PSC_3_PSQ-S_ENG.pdf
Инструкция по эксплуатации | Руководство по эксплуатации PSCS-WIFI | 03.2024 | https://www.ps-automation.com/wp-content/uploads/OI_PSCS_WIFI_ENG.pdf";ps-ams-psq-s;https://www.ps-automation.com/products-2/ps-ams-psq-s/?lang=ru
